{
	"locations":[
		{
			"zip":"76701",
			"url":null,
			"type":"offsite",
			"street":"100 Washington Ave",
			"storeNumber":null,
			"state":"TX",
			"openTimeslots":0,
			"openAppointmentSlots":0,
			"name":"COVID Vaccination Clinic at Waco Convention Center",
			"longitude":null,
			"latitude":null,
			"city":"Waco"
		},
		{
			"zip":"77406-0",
			"url":null,
			"type":"store",
			"street":"9211 FM 723 RD",
			"storeNumber":749,
			"state":"TX",
			"openTimeslots":0,
			"openAppointmentSlots":0,
			"name":"Spring Green Market H-E-B",
			"longitude":-95.81427,
			"latitude":29.69558,
			"city":"RICHMOND"
		},
		{
			"zip":"78028",
			"url":null,
			"type":"offsite",
			"street":"321 Thompson Dr",
			"storeNumber":null,
			"state":"TX",
			"openTimeslots":0,
			"openAppointmentSlots":0,
			"name":"First United Methodist Church",
			"longitude":null,
			"latitude":null,
			"city":"Kerrville"
		},
		{
			"zip":"77055-6209",
			"url":null,
			"type":"store",
			"street":"9710 KATY FREEWAY",
			"storeNumber":109,
			"state":"TX",
			"openTimeslots":0,
			"openAppointmentSlots":0,
			"name":"Bunker Hill H-E-B",
			"longitude":-95.53206,
			"latitude":29.78485,
			"city":"HOUSTON"
		},
		{
			"zip":"77459-6931",
			"url":null,
			"type":"store",
			"street":"8900 HWY 6",
			"storeNumber":110,
			"state":"TX",
			"openTimeslots":0,
			"openAppointmentSlots":0,
			"name":"Sienna Market H-E-B",
			"longitude":-95.53497,
			"latitude":29.53928,
			"city":"MISSOURI CITY"
		},
		{
			"zip":"78550-7708",
			"url":null,
			"type":"store",
			"street":"1213 S. COMMERCE",
			"storeNumber":136,
			"state":"TX",
			"openTimeslots":0,
			"openAppointmentSlots":0,
			"name":"Southland and 12th St H-E-B",
			"longitude":-97.68171,
			"latitude":26.18251,
			"city":"HARLINGEN"
		},
		{
			"zip":"78413-3966",
			"url":null,
			"type":"store",
			"street":"5801 WEBER ROAD",
			"storeNumber":139,
			"state":"TX",
			"openTimeslots":0,
			"openAppointmentSlots":0,
			"name":"Weber and Holly H-E-B",
			"longitude":-97.40529,
			"latitude":27.71118,
			"city":"CORPUS CHRISTI"
		},
		{
			"zip":"78723-2924",
			"url":null,
			"type":"store",
			"street":"7112 ED BLUESTEIN_#125",
			"storeNumber":161,
			"state":"TX",
			"openTimeslots":0,
			"openAppointmentSlots":0,
			"name":"Ed Blustein H-E-B",
			"longitude":-97.66465,
			"latitude":30.31211,
			"city":"AUSTIN"
		},
		{
			"zip":"78232-3714",
			"url":null,
			"type":"store",
			"street":"15000 SAN PEDRO",
			"storeNumber":164,
			"state":"TX",
			"openTimeslots":0,
			"openAppointmentSlots":0,
			"name":"Brook Hollow H-E-B",
			"longitude":-98.47734,
			"latitude":29.5774,
			"city":"SAN ANTONIO"
		},
		{
			"zip":"78550-5152",
			"url":null,
			"type":"store",
			"street":"1103 MORGAN BLVD",
			"storeNumber":168,
			"state":"TX",
			"openTimeslots":0,
			"openAppointmentSlots":0,
			"name":"Morgan and Grimes H-E-B",
			"longitude":-97.67639,
			"latitude":26.20337,
			"city":"HARLINGEN"
		},
		{
			"zip":"78539-5664",
			"url":null,
			"type":"store",
			"street":"1212 S CLOSNER @ E EBONY",
			"storeNumber":172,
			"state":"TX",
			"openTimeslots":0,
			"openAppointmentSlots":0,
			"name":"Closner and Baker H-E-B",
			"longitude":-98.1642,
			"latitude":26.29029,
			"city":"EDINBURG"
		},
		{
			"zip":"78216-7202",
			"url":null,
			"type":"store",
			"street":"6839 SAN PEDRO",
			"storeNumber":178,
			"state":"TX",
			"openTimeslots":0,
			"openAppointmentSlots":0,
			"name":"San Pedro and Oblate H-E-B",
			"longitude":-98.4995,
			"latitude":29.50282,
			"city":"SAN ANTONIO"
		},
		{
			"zip":"76502-1802",
			"url":null,
			"type":"store",
			"street":"3002 S 31 ST",
			"storeNumber":182,
			"state":"TX",
			"openTimeslots":0,
			"openAppointmentSlots":0,
			"name":"Market Place H-E-B",
			"longitude":-97.37061,
			"latitude":31.07223,
			"city":"TEMPLE"
		},
		{
			"zip":"78753-4106",
			"url":null,
			"type":"store",
			"street":"9414 N LAMAR BLVD",
			"storeNumber":183,
			"state":"TX",
			"openTimeslots":0,
			"openAppointmentSlots":0,
			"name":"Lamar and Rundberg H-E-B",
			"longitude":-97.69689,
			"latitude":30.36357,
			"city":"AUSTIN"
		},
		{
			"zip":"78410-2612",
			"url":null,
			"type":"store",
			"street":"11100 LEOPARD",
			"storeNumber":184,
			"state":"TX",
			"openTimeslots":0,
			"openAppointmentSlots":0,
			"name":"Leopard and Violet H-E-B",
			"longitude":-97.58473,
			"latitude":27.84494,
			"city":"CORPUS CHRISTI"
		},
		{
			"zip":"78041-5435",
			"url":null,
			"type":"store",
			"street":"2310 E SAUNDERS ST",
			"storeNumber":186,
			"state":"TX",
			"openTimeslots":0,
			"openAppointmentSlots":0,
			"name":"Saunders St H-E-B",
			"longitude":-99.47131,
			"latitude":27.53071,
			"city":"LAREDO"
		},
		{
			"zip":"78228-6308",
			"url":null,
			"type":"store",
			"street":"2130 CULEBRA",
			"storeNumber":189,
			"state":"TX",
			"openTimeslots":0,
			"openAppointmentSlots":0,
			"name":"El Mercado H-E-B",
			"longitude":-98.5407,
			"latitude":29.44655,
			"city":"SAN ANTONIO"
		},
		{
			"zip":"78209-5703",
			"url":null,
			"type":"store",
			"street":"4821 BROADWAY",
			"storeNumber":191,
			"state":"TX",
			"openTimeslots":0,
			"openAppointmentSlots":0,
			"name":"Broadway Central Market",
			"longitude":-98.46408,
			"latitude":29.47069,
			"city":"SAN ANTONIO"
		},
		{
			"zip":"77057-3061",
			"url":null,
			"type":"store",
			"street":"5895 SAN FELIPE STREET",
			"storeNumber":687,
			"state":"TX",
			"openTimeslots":0,
			"openAppointmentSlots":0,
			"name":"San Felipe H-E-B",
			"longitude":-95.48512,
			"latitude":29.74797,
			"city":"HOUSTON"
		},
		{
			"zip":"77701-0",
			"url":null,
			"type":"store",
			"street":"3590 COLLEGE ST",
			"storeNumber":692,
			"state":"TX",
			"openTimeslots":0,
			"openAppointmentSlots":0,
			"name":"Beaumont 6 H-E-B",
			"longitude":-94.12834,
			"latitude":30.06853,
			"city":"BEAUMONT"
		},
		{
			"zip":"78119-0",
			"url":null,
			"type":"store",
			"street":"107 N. SUNSET STRIP",
			"storeNumber":693,
			"state":"TX",
			"openTimeslots":0,
			"openAppointmentSlots":0,
			"name":"Kenedy H-E-B",
			"longitude":-97.85797,
			"latitude":28.81419,
			"city":"KENEDY"
		},
		{
			"zip":"78130-4678",
			"url":null,
			"type":"store",
			"street":"2965 IH35 NORTH",
			"storeNumber":694,
			"state":"TX",
			"openTimeslots":0,
			"openAppointmentSlots":0,
			"name":"New Braunfels H-E-B plus!",
			"longitude":-98.0782,
			"latitude":29.731,
			"city":"NEW BRAUNFELS"
		},
		{
			"zip":"78634-2025",
			"url":null,
			"type":"store",
			"street":"5000 GATTIS SCHOOL RD",
			"storeNumber":696,
			"state":"TX",
			"openTimeslots":0,
			"openAppointmentSlots":0,
			"name":"Hutto H-E-B plus!",
			"longitude":-97.58284,
			"latitude":30.50112,
			"city":"HUTTO"
		},
		{
			"zip":"77573-3360",
			"url":null,
			"type":"store",
			"street":"2755 E.LEAGUE CITY PARKWAY",
			"storeNumber":697,
			"state":"TX",
			"openTimeslots":0,
			"openAppointmentSlots":0,
			"name":"League City H-E-B",
			"longitude":-95.04131,
			"latitude":29.50588,
			"city":"LEAGUE CITY"
		},
		{
			"zip":"77429-6286",
			"url":null,
			"type":"store",
			"street":"14100 SPRING CYPRESS RD",
			"storeNumber":698,
			"state":"TX",
			"openTimeslots":0,
			"openAppointmentSlots":0,
			"name":"Grant and Spring Cypress H-E-B",
			"longitude":-95.63698,
			"latitude":30.00365,
			"city":"CYPRESS"
		},
		{
			"zip":"78204-2427",
			"url":null,
			"type":"store",
			"street":"1601 NOGALITOS",
			"storeNumber":699,
			"state":"TX",
			"openTimeslots":0,
			"openAppointmentSlots":0,
			"name":"Nogalitos H-E-B",
			"longitude":-98.51485,
			"latitude":29.39799,
			"city":"SAN ANTONIO"
		},
		{
			"zip":"79761-5034",
			"url":null,
			"type":"store",
			"street":"540 W.5TH",
			"storeNumber":700,
			"state":"TX",
			"openTimeslots":0,
			"openAppointmentSlots":0,
			"name":"H-E-B Pharmacy at the Medical Center Hospital",
			"longitude":-102.37476,
			"latitude":31.84625,
			"city":"ODESSA"
		},
		{
			"zip":"78201-3848",
			"url":null,
			"type":"store",
			"street":"3485 FREDERICKSBURG RD,SUITE 4",
			"storeNumber":701,
			"state":"TX",
			"openTimeslots":0,
			"openAppointmentSlots":0,
			"name":"H-E-B SPECIALTY PHARMACY",
			"longitude":-98.53904,
			"latitude":29.47602,
			"city":"SAN ANTONIO"
		},
		{
			"zip":"78501-2951",
			"url":null,
			"type":"store",
			"street":"200 US EXPRESSWAY 83",
			"storeNumber":702,
			"state":"TX",
			"openTimeslots":0,
			"openAppointmentSlots":0,
			"name":"South 2nd Street H-E-B",
			"longitude":-98.22546,
			"latitude":26.18953,
			"city":"MCALLEN"
		},
		{
			"zip":"77386-4343",
			"url":null,
			"type":"store",
			"street":"3540 RAYFORD RD",
			"storeNumber":705,
			"state":"TX",
			"openTimeslots":0,
			"openAppointmentSlots":0,
			"name":"Spring Creek Market H-E-B",
			"longitude":-95.38801,
			"latitude":30.11036,
			"city":"SPRING"
		},
		{
			"zip":"77566-4622",
			"url":null,
			"type":"store",
			"street":"97 OYSTER CREEK DRIV",
			"storeNumber":707,
			"state":"TX",
			"openTimeslots":0,
			"openAppointmentSlots":0,
			"name":"Lake Jackson H-E-B",
			"longitude":-95.44554,
			"latitude":29.04151,
			"city":"LAKE JACKSON"
		},
		{
			"zip":"78676-6215",
			"url":null,
			"type":"store",
			"street":"14501 RR12",
			"storeNumber":708,
			"state":"TX",
			"openTimeslots":0,
			"openAppointmentSlots":0,
			"name":"Wimberley H-E-B",
			"longitude":-98.10174,
			"latitude":30.00144,
			"city":"WIMBERLEY"
		},
		{
			"zip":"77433-4847",
			"url":null,
			"type":"store",
			"street":"9722 FRY ROAD",
			"storeNumber":709,
			"state":"TX",
			"openTimeslots":0,
			"openAppointmentSlots":0,
			"name":"H-E-B Market at Tuckerton",
			"longitude":-95.72501,
			"latitude":29.92737,
			"city":"CYPRESS"
		},
		{
			"zip":"78213-1343",
			"url":null,
			"type":"store",
			"street":"11551 WEST AVE.",
			"storeNumber":195,
			"state":"TX",
			"openTimeslots":0,
			"openAppointmentSlots":0,
			"name":"Blanco and West Ave H-E-B",
			"longitude":-98.51025,
			"latitude":29.54526,
			"city":"SAN ANTONIO"
		},
		{
			"zip":"78355-4365",
			"url":null,
			"type":"store",
			"street":"700 S SAINT MARYS ST",
			"storeNumber":200,
			"state":"TX",
			"openTimeslots":0,
			"openAppointmentSlots":0,
			"name":"Falfurrias H-E-B",
			"longitude":-98.14572,
			"latitude":27.22043,
			"city":"FALFURRIAS"
		},
		{
			"zip":"78756-1100",
			"url":null,
			"type":"store",
			"street":"5808 BURNET RD",
			"storeNumber":202,
			"state":"TX",
			"openTimeslots":0,
			"openAppointmentSlots":0,
			"name":"Burnet Rd H-E-B",
			"longitude":-97.74016,
			"latitude":30.33374,
			"city":"AUSTIN"
		},
		{
			"zip":"78237-3134",
			"url":null,
			"type":"store",
			"street":"721 CASTROVILLE RD",
			"storeNumber":205,
			"state":"TX",
			"openTimeslots":0,
			"openAppointmentSlots":0,
			"name":"Las Palmas H-E-B",
			"longitude":-98.55132,
			"latitude":29.41734,
			"city":"SAN ANTONIO"
		},
		{
			"zip":"78040-5343",
			"url":null,
			"type":"store",
			"street":"1301 GUADALUPE ST.",
			"storeNumber":207,
			"state":"TX",
			"openTimeslots":0,
			"openAppointmentSlots":0,
			"name":"Guadalupe and Stone H-E-B",
			"longitude":-99.48344,
			"latitude":27.50656,
			"city":"LAREDO"
		},
		{
			"zip":"78412-2412",
			"url":null,
			"type":"store",
			"street":"4320 S. ALAMEDA ST.",
			"storeNumber":210,
			"state":"TX",
			"openTimeslots":0,
			"openAppointmentSlots":0,
			"name":"Alameda and Robert H-E-B",
			"longitude":-97.37175,
			"latitude":27.73002,
			"city":"CORPUS CHRISTI"
		},
		{
			"zip":"78202-3050",
			"url":null,
			"type":"store",
			"street":"415 N. NEW BRAUNFELS",
			"storeNumber":211,
			"state":"TX",
			"openTimeslots":0,
			"openAppointmentSlots":0,
			"name":"New Braunfels and Houston H-E-B",
			"longitude":-98.46143,
			"latitude":29.42444,
			"city":"SAN ANTONIO"
		},
		{
			"zip":"78501-1926",
			"url":null,
			"type":"store",
			"street":"3200 N. 10TH STREET",
			"storeNumber":212,
			"state":"TX",
			"openTimeslots":0,
			"openAppointmentSlots":0,
			"name":"N 10th and Fern H-E-B",
			"longitude":-98.22523,
			"latitude":26.23246,
			"city":"MCALLEN"
		},
		{
			"zip":"78758-2475",
			"url":null,
			"type":"store",
			"street":"12407 N. MOPAC EXPWY",
			"storeNumber":218,
			"state":"TX",
			"openTimeslots":0,
			"openAppointmentSlots":0,
			"name":"Parmer and Mopac H-E-B",
			"longitude":-97.70326,
			"latitude":30.41883,
			"city":"AUSTIN"
		},
		{
			"zip":"78332-5046",
			"url":null,
			"type":"store",
			"street":"1115 E. MAIN",
			"storeNumber":223,
			"state":"TX",
			"openTimeslots":0,
			"openAppointmentSlots":0,
			"name":"Alice H-E-B",
			"longitude":-98.06425,
			"latitude":27.75141,
			"city":"ALICE"
		},
		{
			"zip":"78250-3232",
			"url":null,
			"type":"store",
			"street":"7951 GUILBEAU RD.",
			"storeNumber":224,
			"state":"TX",
			"openTimeslots":0,
			"openAppointmentSlots":0,
			"name":"Bandera and Guilbeau H-E-B",
			"longitude":-98.64364,
			"latitude":29.51985,
			"city":"SAN ANTONIO"
		},
		{
			"zip":"78735-8300",
			"url":null,
			"type":"store",
			"street":"7010 HWY 71 WEST",
			"storeNumber":225,
			"state":"TX",
			"openTimeslots":0,
			"openAppointmentSlots":0,
			"name":"290 and 71 H-E-B",
			"longitude":-97.87471,
			"latitude":30.23583,
			"city":"AUSTIN"
		},
		{
			"zip":"79764-7155",
			"url":null,
			"type":"store",
			"street":"2501 W UNIVERSITY BLVD",
			"storeNumber":711,
			"state":"TX",
			"openTimeslots":0,
			"openAppointmentSlots":0,
			"name":"University Blvd. H-E-B",
			"longitude":-102.41008,
			"latitude":31.86213,
			"city":"ODESSA"
		},
		{
			"zip":"77954-2126",
			"url":null,
			"type":"store",
			"street":"909 E BROADWAY",
			"storeNumber":712,
			"state":"TX",
			"openTimeslots":0,
			"openAppointmentSlots":0,
			"name":"Cuero H-E-B",
			"longitude":-97.28051,
			"latitude":29.08949,
			"city":"CUERO"
		},
		{
			"zip":"77059-2511",
			"url":null,
			"type":"store",
			"street":"3501 CLEAR LAKE CITY BLVD",
			"storeNumber":713,
			"state":"TX",
			"openTimeslots":0,
			"openAppointmentSlots":0,
			"name":"Clear Lake Marketplace",
			"longitude":-95.12473,
			"latitude":29.60563,
			"city":"HOUSTON"
		},
		{
			"zip":"78734-6238",
			"url":null,
			"type":"store",
			"street":"2000 RANCH ROAD 620 S",
			"storeNumber":714,
			"state":"TX",
			"openTimeslots":0,
			"openAppointmentSlots":0,
			"name":"Lakeway H-E-B",
			"longitude":-97.96662,
			"latitude":30.34368,
			"city":"LAKEWAY"
		},
		{
			"zip":"77536-5404",
			"url":null,
			"type":"store",
			"street":"4701 EAST BLVD",
			"storeNumber":715,
			"state":"TX",
			"openTimeslots":0,
			"openAppointmentSlots":0,
			"name":"Deer Park H-E-B",
			"longitude":-95.09805,
			"latitude":29.6652,
			"city":"DEER PARK"
		},
		{
			"zip":"78155-5131",
			"url":null,
			"type":"store",
			"street":"1340 E COURT ST",
			"storeNumber":716,
			"state":"TX",
			"openTimeslots":0,
			"openAppointmentSlots":0,
			"name":"Seguin H-E-B",
			"longitude":-97.94366,
			"latitude":29.57065,
			"city":"SEGUIN"
		},
		{
			"zip":"79706-2851",
			"url":null,
			"type":"store",
			"street":"5407 ANDREWS HIGHWAY",
			"storeNumber":717,
			"state":"TX",
			"openTimeslots":0,
			"openAppointmentSlots":0,
			"name":"Midland Loop 250 H-E-B",
			"longitude":-102.15509,
			"latitude":31.99588,
			"city":"MIDLAND"
		},
		{
			"zip":"77345-2621",
			"url":null,
			"type":"store",
			"street":"4517 KINGWOOD DRIVE",
			"storeNumber":720,
			"state":"TX",
			"openTimeslots":0,
			"openAppointmentSlots":0,
			"name":"Kingwood Market H-E-B",
			"longitude":-95.18375,
			"latitude":30.05329,
			"city":"KINGWOOD"
		},
		{
			"zip":"76542-0",
			"url":null,
			"type":"store",
			"street":"1101 W. STAN SCHLUETER LOOP",
			"storeNumber":721,
			"state":"TX",
			"openTimeslots":0,
			"openAppointmentSlots":0,
			"name":"Fort Hood Stan Schlueter H-E-B",
			"longitude":-97.75988,
			"latitude":31.07989,
			"city":"KILLEEN"
		},
		{
			"zip":"77354-1611",
			"url":null,
			"type":"store",
			"street":"7988 FM 1488",
			"storeNumber":722,
			"state":"TX",
			"openTimeslots":0,
			"openAppointmentSlots":0,
			"name":"Magnolia Market H-E-B",
			"longitude":-95.5837,
			"latitude":30.2217,
			"city":"MAGNOLIA"
		},
		{
			"zip":"77407-8643",
			"url":null,
			"type":"store",
			"street":"10161 W GRAND PARKWAY S",
			"storeNumber":724,
			"state":"TX",
			"openTimeslots":0,
			"openAppointmentSlots":0,
			"name":"Aliana Market H-E-B",
			"longitude":-95.7137,
			"latitude":29.6597,
			"city":"RICHMOND"
		},
		{
			"zip":"77379-8693",
			"url":null,
			"type":"store",
			"street":"20311 CHAMPION FOREST DRIVE",
			"storeNumber":725,
			"state":"TX",
			"openTimeslots":0,
			"openAppointmentSlots":0,
			"name":"Champion Forest Market H-E-B",
			"longitude":-95.57475,
			"latitude":30.0551,
			"city":"SPRING"
		},
		{
			"zip":"77469-2509",
			"url":null,
			"type":"store",
			"street":"23500 CIRCLE OAK PARKWAY",
			"storeNumber":727,
			"state":"TX",
			"openTimeslots":0,
			"openAppointmentSlots":0,
			"name":"Richmond Market H-E-B",
			"longitude":-95.74781,
			"latitude":29.55142,
			"city":"RICHMOND"
		},
		{
			"zip":"77340-3723",
			"url":null,
			"type":"store",
			"street":"1702 11TH ST.",
			"storeNumber":728,
			"state":"TX",
			"openTimeslots":0,
			"openAppointmentSlots":0,
			"name":"Huntsville H-E-B",
			"longitude":-95.56075,
			"latitude":30.72274,
			"city":"HUNTSVILLE"
		},
		{
			"zip":"78247-0",
			"url":null,
			"type":"store",
			"street":"17238 BULVERDE ROAD",
			"storeNumber":732,
			"state":"TX",
			"openTimeslots":0,
			"openAppointmentSlots":0,
			"name":"Bulverde and 1604 H-E-B",
			"longitude":-98.41746,
			"latitude":29.59497,
			"city":"SAN ANTONIO"
		},
		{
			"zip":"78572-5362",
			"url":null,
			"type":"store",
			"street":"820 S. CONWAY",
			"storeNumber":226,
			"state":"TX",
			"openTimeslots":0,
			"openAppointmentSlots":0,
			"name":"Conway and 9th St H-E-B",
			"longitude":-98.3262,
			"latitude":26.21354,
			"city":"MISSION"
		},
		{
			"zip":"78748-5992",
			"url":null,
			"type":"store",
			"street":"2110 WEST SLAUGHTER LN",
			"storeNumber":227,
			"state":"TX",
			"openTimeslots":0,
			"openAppointmentSlots":0,
			"name":"Slaughter and Manchaca H-E-B",
			"longitude":-97.82509,
			"latitude":30.17524,
			"city":"AUSTIN"
		},
		{
			"zip":"78744-3410",
			"url":null,
			"type":"store",
			"street":"6607 SOUTH IH 35",
			"storeNumber":229,
			"state":"TX",
			"openTimeslots":0,
			"openAppointmentSlots":0,
			"name":"I 35 and William Cannon H-E-B",
			"longitude":-97.76922,
			"latitude":30.19107,
			"city":"AUSTIN"
		},
		{
			"zip":"78247-1979",
			"url":null,
			"type":"store",
			"street":"14087 O'CONNOR RD",
			"storeNumber":230,
			"state":"TX",
			"openTimeslots":0,
			"openAppointmentSlots":0,
			"name":"Nacogdoches and O'Connor H-E-B",
			"longitude":-98.3856,
			"latitude":29.56937,
			"city":"SAN ANTONIO"
		},
		{
			"zip":"78596-4511",
			"url":null,
			"type":"store",
			"street":"1004 N. TEXAS",
			"storeNumber":231,
			"state":"TX",
			"openTimeslots":0,
			"openAppointmentSlots":0,
			"name":"83 and N Texas H-E-B",
			"longitude":-97.99096,
			"latitude":26.17103,
			"city":"WESLACO"
		},
		{
			"zip":"77488-3204",
			"url":null,
			"type":"store",
			"street":"1616 N ALABAMA",
			"storeNumber":233,
			"state":"TX",
			"openTimeslots":0,
			"openAppointmentSlots":0,
			"name":"Wharton H-E-B",
			"longitude":-96.08492,
			"latitude":29.32162,
			"city":"WHARTON"
		},
		{
			"zip":"78251-0",
			"url":null,
			"type":"store",
			"street":"9255 FM 471 WEST",
			"storeNumber":235,
			"state":"TX",
			"openTimeslots":0,
			"openAppointmentSlots":0,
			"name":"Grissom and Tezel H-E-B",
			"longitude":-98.66574,
			"latitude":29.48432,
			"city":"SAN ANTONIO"
		},
		{
			"zip":"78660-3153",
			"url":null,
			"type":"store",
			"street":"1434 WELLS BRANCH PKWY",
			"storeNumber":236,
			"state":"TX",
			"openTimeslots":0,
			"openAppointmentSlots":0,
			"name":"Wells Branch H-E-B",
			"longitude":-97.66419,
			"latitude":30.44263,
			"city":"PFLUGERVILLE"
		},
		{
			"zip":"78626-5400",
			"url":null,
			"type":"store",
			"street":"1100 SOUTH IH35",
			"storeNumber":237,
			"state":"TX",
			"openTimeslots":0,
			"openAppointmentSlots":0,
			"name":"Georgetown H-E-B",
			"longitude":-97.69028,
			"latitude":30.63446,
			"city":"GEORGETOWN"
		},
		{
			"zip":"75110-5138",
			"url":null,
			"type":"store",
			"street":"201 S. 15TH STREET",
			"storeNumber":238,
			"state":"TX",
			"openTimeslots":0,
			"openAppointmentSlots":0,
			"name":"Corsicana H-E-B",
			"longitude":-96.46827,
			"latitude":32.09005,
			"city":"CORSICANA"
		},
		{
			"zip":"78666-7055",
			"url":null,
			"type":"store",
			"street":"641 EAST HOPKINS STREET",
			"storeNumber":243,
			"state":"TX",
			"openTimeslots":0,
			"openAppointmentSlots":0,
			"name":"East Hopkins H-E-B",
			"longitude":-97.93132,
			"latitude":29.88489,
			"city":"SAN MARCOS"
		},
		{
			"zip":"78408-3204",
			"url":null,
			"type":"store",
			"street":"3500 LEOPARD",
			"storeNumber":253,
			"state":"TX",
			"openTimeslots":0,
			"openAppointmentSlots":0,
			"name":"Leopard and Nueces Bay H-E-B",
			"longitude":-97.42774,
			"latitude":27.79695,
			"city":"CORPUS CHRISTI"
		},
		{
			"zip":"78041-5754",
			"url":null,
			"type":"store",
			"street":"4801 SAN DARIO",
			"storeNumber":255,
			"state":"TX",
			"openTimeslots":0,
			"openAppointmentSlots":0,
			"name":"35 and Calton H-E-B",
			"longitude":-99.50182,
			"latitude":27.54172,
			"city":"LAREDO"
		},
		{
			"zip":"78238-1986",
			"url":null,
			"type":"store",
			"street":"5601 BANDERA ROAD",
			"storeNumber":262,
			"state":"TX",
			"openTimeslots":0,
			"openAppointmentSlots":0,
			"name":"Marketplace H-E-B",
			"longitude":-98.59477,
			"latitude":29.48119,
			"city":"SAN ANTONIO"
		},
		{
			"zip":"78520-8327",
			"url":null,
			"type":"store",
			"street":"1628 CENTRAL BLVD",
			"storeNumber":263,
			"state":"TX",
			"openTimeslots":0,
			"openAppointmentSlots":0,
			"name":"Central Blvd H-E-B",
			"longitude":-97.51093,
			"latitude":25.92849,
			"city":"BROWNSVILLE"
		},
		{
			"zip":"78253-0",
			"url":null,
			"type":"store",
			"street":"12125 ALAMO RANCH PKWY",
			"storeNumber":733,
			"state":"TX",
			"openTimeslots":0,
			"openAppointmentSlots":0,
			"name":"Alamo Ranch H-E-B",
			"longitude":-98.73294,
			"latitude":29.48572,
			"city":"SAN ANTONIO"
		},
		{
			"zip":"76901-0",
			"url":null,
			"type":"store",
			"street":"5502 SHERWOOD WAY",
			"storeNumber":734,
			"state":"TX",
			"openTimeslots":0,
			"openAppointmentSlots":0,
			"name":"Sherwood & FM 2288 H-E-B",
			"longitude":-100.51103,
			"latitude":31.43158,
			"city":"SAN ANGELO"
		},
		{
			"zip":"78654-4902",
			"url":null,
			"type":"store",
			"street":"1503 FM 1431",
			"storeNumber":735,
			"state":"TX",
			"openTimeslots":0,
			"openAppointmentSlots":0,
			"name":"Marble Falls H-E-B",
			"longitude":-98.27972,
			"latitude":30.58301,
			"city":"MARBLE FALLS"
		},
		{
			"zip":"77494-5426",
			"url":null,
			"type":"store",
			"street":"4950 FM 1463",
			"storeNumber":736,
			"state":"TX",
			"openTimeslots":0,
			"openAppointmentSlots":0,
			"name":"Cross Creek Ranch H-E-B",
			"longitude":-95.84788,
			"latitude":29.71936,
			"city":"KATY"
		},
		{
			"zip":"77008-0",
			"url":null,
			"type":"store",
			"street":"2300 N. SHEPHERD DR.",
			"storeNumber":737,
			"state":"TX",
			"openTimeslots":0,
			"openAppointmentSlots":0,
			"name":"The Heights H-E-B",
			"longitude":-95.40865,
			"latitude":29.80735,
			"city":"HOUSTON"
		},
		{
			"zip":"77401-4019",
			"url":null,
			"type":"store",
			"street":"5106 BISSONNET",
			"storeNumber":738,
			"state":"TX",
			"openTimeslots":0,
			"openAppointmentSlots":0,
			"name":"Bellaire Market H-E-B",
			"longitude":-95.46938,
			"latitude":29.70764,
			"city":"BELLAIRE"
		},
		{
			"zip":"77523-0",
			"url":null,
			"type":"store",
			"street":"13401 I-10 EAST",
			"storeNumber":741,
			"state":"TX",
			"openTimeslots":0,
			"openAppointmentSlots":0,
			"name":"Mont Belvieu H-E-B",
			"longitude":-94.84973,
			"latitude":29.82755,
			"city":"MONT BELVIEU"
		},
		{
			"zip":"77521-9638",
			"url":null,
			"type":"store",
			"street":"6430 GARTH ROAD",
			"storeNumber":742,
			"state":"TX",
			"openTimeslots":0,
			"openAppointmentSlots":0,
			"name":"Baytown H-E-B",
			"longitude":-94.9788,
			"latitude":29.79503,
			"city":"BAYTOWN"
		},
		{
			"zip":"77007-0",
			"url":null,
			"type":"store",
			"street":"3663 WASHINGTON AVE. STE. 100",
			"storeNumber":744,
			"state":"TX",
			"openTimeslots":0,
			"openAppointmentSlots":0,
			"name":"Buffalo Heights H-E-B On Washington Ave",
			"longitude":-95.39658,
			"latitude":29.76901,
			"city":"HOUSTON"
		},
		{
			"zip":"77096-4001",
			"url":null,
			"type":"store",
			"street":"4955 BEECHNUT STREET",
			"storeNumber":745,
			"state":"TX",
			"openTimeslots":0,
			"openAppointmentSlots":0,
			"name":"Meyerland Market H-E-B",
			"longitude":-95.46406,
			"latitude":29.68854,
			"city":"HOUSTON"
		},
		{
			"zip":"77845-4737",
			"url":null,
			"type":"store",
			"street":"11675 FM 2154",
			"storeNumber":746,
			"state":"TX",
			"openTimeslots":0,
			"openAppointmentSlots":0,
			"name":"Jones Crossing H-E-B",
			"longitude":-96.32324,
			"latitude":30.58444,
			"city":"COLLEGE STATION"
		},
		{
			"zip":"77388-0",
			"url":null,
			"type":"store",
			"street":"5251 FM 2920",
			"storeNumber":748,
			"state":"TX",
			"openTimeslots":0,
			"openAppointmentSlots":0,
			"name":"H-E-B Market at Gosling",
			"longitude":-95.50178,
			"latitude":30.07179,
			"city":"SPRING"
		},
		{
			"zip":"78218-0",
			"url":null,
			"type":"store",
			"street":"6520 FRATT RD. SUITE B",
			"storeNumber":751,
			"state":"TX",
			"openTimeslots":0,
			"openAppointmentSlots":0,
			"name":"RX04-COMPOUND FRATT & RITTIMAN",
			"longitude":0.0,
			"latitude":0.0,
			"city":"SAN ANTONIO"
		},
		{
			"zip":"76087-0",
			"url":null,
			"type":"store",
			"street":"100 HUDSON OAKS DR",
			"storeNumber":752,
			"state":"TX",
			"openTimeslots":0,
			"openAppointmentSlots":0,
			"name":"Hudson Oaks H-E-B",
			"longitude":-97.69733,
			"latitude":32.75831,
			"city":"HUDSON OAKS"
		},
		{
			"zip":"77004-0",
			"url":null,
			"type":"store",
			"street":"6055 SOUTH FREEWAY",
			"storeNumber":756,
			"state":"TX",
			"openTimeslots":0,
			"openAppointmentSlots":0,
			"name":"MacGregor Market H-E-B",
			"longitude":-95.37644,
			"latitude":29.71432,
			"city":"HOUSTON"
		},
		{
			"zip":"78613-1900",
			"url":null,
			"type":"store",
			"street":"170 E WHITESTONE BLVD",
			"storeNumber":265,
			"state":"TX",
			"openTimeslots":0,
			"openAppointmentSlots":0,
			"name":"Hwy 183 and Whitestone Blvd H-E-B",
			"longitude":-97.82911,
			"latitude":30.5225,
			"city":"CEDAR PARK"
		},
		{
			"zip":"78759-5780",
			"url":null,
			"type":"store",
			"street":"10710 RESEARCH BLVD. STE 200",
			"storeNumber":269,
			"state":"TX",
			"openTimeslots":0,
			"openAppointmentSlots":0,
			"name":"North Hills H-E-B",
			"longitude":-97.74832,
			"latitude":30.39868,
			"city":"AUSTIN"
		},
		{
			"zip":"78411-5301",
			"url":null,
			"type":"store",
			"street":"5425 S.P.I.D. AT STAPLES",
			"storeNumber":270,
			"state":"TX",
			"openTimeslots":0,
			"openAppointmentSlots":0,
			"name":"Moore Plaza H-E-B",
			"longitude":-97.37238,
			"latitude":27.70605,
			"city":"CORPUS CHRISTI"
		},
		{
			"zip":"78550-5905",
			"url":null,
			"type":"store",
			"street":"613 S EXPWY 83",
			"storeNumber":291,
			"state":"TX",
			"openTimeslots":0,
			"openAppointmentSlots":0,
			"name":"83 and Lincoln H-E-B",
			"longitude":-97.71403,
			"latitude":26.18328,
			"city":"HARLINGEN"
		},
		{
			"zip":"77414-5305",
			"url":null,
			"type":"store",
			"street":"2700 SEVENTH",
			"storeNumber":292,
			"state":"TX",
			"openTimeslots":0,
			"openAppointmentSlots":0,
			"name":"Bay City H-E-B",
			"longitude":-95.95804,
			"latitude":28.98306,
			"city":"BAY CITY"
		},
		{
			"zip":"78244-1300",
			"url":null,
			"type":"store",
			"street":"6580 F.M. 78",
			"storeNumber":294,
			"state":"TX",
			"openTimeslots":0,
			"openAppointmentSlots":0,
			"name":"Foster Rd H-E-B",
			"longitude":-98.3591,
			"latitude":29.48109,
			"city":"SAN ANTONIO"
		},
		{
			"zip":"78521-4787",
			"url":null,
			"type":"store",
			"street":"2950 SOUTHMOST ROAD",
			"storeNumber":332,
			"state":"TX",
			"openTimeslots":0,
			"openAppointmentSlots":0,
			"name":"Southmost and 30th H-E-B",
			"longitude":-97.46481,
			"latitude":25.90552,
			"city":"BROWNSVILLE"
		},
		{
			"zip":"78336-1919",
			"url":null,
			"type":"store",
			"street":"101 E. GOODNIGHT",
			"storeNumber":333,
			"state":"TX",
			"openTimeslots":0,
			"openAppointmentSlots":0,
			"name":"Aransas Pass H-E-B",
			"longitude":-97.14616,
			"latitude":27.90255,
			"city":"ARANSAS PASS"
		},
		{
			"zip":"78501-3512",
			"url":null,
			"type":"store",
			"street":"3601 PECAN",
			"storeNumber":334,
			"state":"TX",
			"openTimeslots":0,
			"openAppointmentSlots":0,
			"name":"Pecan and Ware H-E-B",
			"longitude":-98.25799,
			"latitude":26.21925,
			"city":"MCALLEN"
		},
		{
			"zip":"77957-2728",
			"url":null,
			"type":"store",
			"street":"301 N. WELLS ST",
			"storeNumber":351,
			"state":"TX",
			"openTimeslots":0,
			"openAppointmentSlots":0,
			"name":"Edna H-E-B",
			"longitude":-96.64731,
			"latitude":28.97947,
			"city":"EDNA"
		},
		{
			"zip":"78209-2217",
			"url":null,
			"type":"store",
			"street":"1955 NACOGDOCHES",
			"storeNumber":372,
			"state":"TX",
			"openTimeslots":0,
			"openAppointmentSlots":0,
			"name":"Oak Park H-E-B",
			"longitude":-98.45759,
			"latitude":29.50774,
			"city":"SAN ANTONIO"
		},
		{
			"zip":"78681-3922",
			"url":null,
			"type":"store",
			"street":"16900 N RANCH ROAD 620",
			"storeNumber":373,
			"state":"TX",
			"openTimeslots":0,
			"openAppointmentSlots":0,
			"name":"620 and O'Connor H-E-B",
			"longitude":-97.72218,
			"latitude":30.50028,
			"city":"ROUND ROCK"
		},
		{
			"zip":"78130-5722",
			"url":null,
			"type":"store",
			"street":"651 S. WALNUT",
			"storeNumber":380,
			"state":"TX",
			"openTimeslots":0,
			"openAppointmentSlots":0,
			"name":"New Braunfels H-E-B at Walnut",
			"longitude":-98.12695,
			"latitude":29.68878,
			"city":"NEW BRAUNFELS"
		},
		{
			"zip":"76548-1347",
			"url":null,
			"type":"store",
			"street":"601 INDIAN TRAIL",
			"storeNumber":381,
			"state":"TX",
			"openTimeslots":0,
			"openAppointmentSlots":0,
			"name":"Harker Heights H-E-B",
			"longitude":-97.65511,
			"latitude":31.07905,
			"city":"HARKER HEIGHTS"
		},
		{
			"zip":"79707-5714",
			"url":null,
			"type":"store",
			"street":"3325 WEST WADLEY",
			"storeNumber":382,
			"state":"TX",
			"openTimeslots":0,
			"openAppointmentSlots":0,
			"name":"Midland H-E-B",
			"longitude":-102.12562,
			"latitude":32.01955,
			"city":"MIDLAND"
		},
		{
			"zip":"77385-0",
			"url":null,
			"type":"store",
			"street":"10200 HIGHWAY 242",
			"storeNumber":757,
			"state":"TX",
			"openTimeslots":0,
			"openAppointmentSlots":0,
			"name":"Harper's Trace H-E-B",
			"longitude":-95.42563,
			"latitude":30.20692,
			"city":"CONROE"
		},
		{
			"zip":"77339-0",
			"url":null,
			"type":"store",
			"street":"19529 NORTHPARK DR.",
			"storeNumber":759,
			"state":"TX",
			"openTimeslots":0,
			"openAppointmentSlots":0,
			"name":"H-E-B Market at Northpark",
			"longitude":-95.25033,
			"latitude":30.06864,
			"city":"KINGWOOD"
		},
		{
			"zip":"78253-0",
			"url":null,
			"type":"store",
			"street":"14325 POTRANCO RD.",
			"storeNumber":771,
			"state":"TX",
			"openTimeslots":0,
			"openAppointmentSlots":0,
			"name":"211 and Potranco H-E-B",
			"longitude":-98.77966,
			"latitude":29.42367,
			"city":"SAN ANTONIO"
		},
		{
			"zip":"79424-0",
			"url":null,
			"type":"store",
			"street":"4405 114TH STREET",
			"storeNumber":772,
			"state":"TX",
			"openTimeslots":0,
			"openAppointmentSlots":0,
			"name":"Lubbock H-E-B",
			"longitude":-101.90638,
			"latitude":33.48958,
			"city":"LUBBOCK"
		},
		{
			"zip":"78712-0",
			"url":null,
			"type":"store",
			"street":"1601 TRINITY ST",
			"storeNumber":773,
			"state":"TX",
			"openTimeslots":0,
			"openAppointmentSlots":0,
			"name":"H-E-B Pharmacy at the UTHTB",
			"longitude":-97.73507,
			"latitude":30.27747,
			"city":"AUSTIN"
		},
		{
			"zip":"78239-3233",
			"url":null,
			"type":"store",
			"street":"6030 MONTGOMERY ROAD",
			"storeNumber":384,
			"state":"TX",
			"openTimeslots":0,
			"openAppointmentSlots":0,
			"name":"Montgomery at Walzem",
			"longitude":-98.37092,
			"latitude":29.5105,
			"city":"SAN ANTONIO"
		},
		{
			"zip":"78212-1958",
			"url":null,
			"type":"store",
			"street":"300 OLMOS DRIVE",
			"storeNumber":385,
			"state":"TX",
			"openTimeslots":0,
			"openAppointmentSlots":0,
			"name":"Olmos Park H-E-B",
			"longitude":-98.497,
			"latitude":29.4707,
			"city":"SAN ANTONIO"
		},
		{
			"zip":"79762-5947",
			"url":null,
			"type":"store",
			"street":"3801 E 42ND",
			"storeNumber":387,
			"state":"TX",
			"openTimeslots":0,
			"openAppointmentSlots":0,
			"name":"42nd St. H-E-B",
			"longitude":-102.34383,
			"latitude":31.89134,
			"city":"ODESSA"
		},
		{
			"zip":"78727-3901",
			"url":null,
			"type":"store",
			"street":"6001 WEST PARMER LANE",
			"storeNumber":388,
			"state":"TX",
			"openTimeslots":0,
			"openAppointmentSlots":0,
			"name":"Parmer and McNeil H-E-B",
			"longitude":-97.74278,
			"latitude":30.44181,
			"city":"AUSTIN"
		},
		{
			"zip":"78213-2714",
			"url":null,
			"type":"store",
			"street":"6000 WEST AVENUE",
			"storeNumber":389,
			"state":"TX",
			"openTimeslots":0,
			"openAppointmentSlots":0,
			"name":"West Ave and Jackson Keller H-E-B",
			"longitude":-98.52574,
			"latitude":29.51639,
			"city":"SAN ANTONIO"
		},
		{
			"zip":"78230-1014",
			"url":null,
			"type":"store",
			"street":"12777 IH 10 WEST",
			"storeNumber":395,
			"state":"TX",
			"openTimeslots":0,
			"openAppointmentSlots":0,
			"name":"De Zavala H-E-B",
			"longitude":-98.5889,
			"latitude":29.56222,
			"city":"SAN ANTONIO"
		},
		{
			"zip":"78232-1421",
			"url":null,
			"type":"store",
			"street":"18140 SAN PEDRO",
			"storeNumber":397,
			"state":"TX",
			"openTimeslots":0,
			"openAppointmentSlots":0,
			"name":"281 and 1604 H-E-B",
			"longitude":-98.46828,
			"latitude":29.60772,
			"city":"SAN ANTONIO"
		},
		{
			"zip":"78247-3312",
			"url":null,
			"type":"store",
			"street":"2929 THOUSAND OAKS",
			"storeNumber":398,
			"state":"TX",
			"openTimeslots":0,
			"openAppointmentSlots":0,
			"name":"Thousand Oaks H-E-B",
			"longitude":-98.44108,
			"latitude":29.57781,
			"city":"SAN ANTONIO"
		},
		{
			"zip":"78363-3872",
			"url":null,
			"type":"store",
			"street":"409 E. KLEBERG",
			"storeNumber":401,
			"state":"TX",
			"openTimeslots":0,
			"openAppointmentSlots":0,
			"name":"Kingsville H-E-B",
			"longitude":-97.86453,
			"latitude":27.51658,
			"city":"KINGSVILLE"
		},
		{
			"zip":"76528-1628",
			"url":null,
			"type":"store",
			"street":"1207 E.MAIN",
			"storeNumber":403,
			"state":"TX",
			"openTimeslots":0,
			"openAppointmentSlots":0,
			"name":"Gatesville H-E-B",
			"longitude":-97.7428,
			"latitude":31.43586,
			"city":"GATESVILLE"
		},
		{
			"zip":"78738-6517",
			"url":null,
			"type":"store",
			"street":"12400 W HIGHWAY 71",
			"storeNumber":404,
			"state":"TX",
			"openTimeslots":0,
			"openAppointmentSlots":0,
			"name":"Bee Cave H-E-B",
			"longitude":-97.93238,
			"latitude":30.30489,
			"city":"BEE CAVE"
		},
		{
			"zip":"78064-4221",
			"url":null,
			"type":"store",
			"street":"219 W OAKLAWN",
			"storeNumber":411,
			"state":"TX",
			"openTimeslots":0,
			"openAppointmentSlots":0,
			"name":"Pleasanton H-E-B",
			"longitude":-98.48567,
			"latitude":28.95696,
			"city":"PLEASANTON"
		},
		{
			"zip":"78102-5613",
			"url":null,
			"type":"store",
			"street":"100 EAST HOUSTON ST.",
			"storeNumber":412,
			"state":"TX",
			"openTimeslots":0,
			"openAppointmentSlots":0,
			"name":"Beeville H-E-B",
			"longitude":-97.74667,
			"latitude":28.40071,
			"city":"BEEVILLE"
		},
		{
			"zip":"78404-2505",
			"url":null,
			"type":"store",
			"street":"3133 S. ALAMEDA",
			"storeNumber":413,
			"state":"TX",
			"openTimeslots":0,
			"openAppointmentSlots":0,
			"name":"Alameda / Texan Trail (Medical District)",
			"longitude":-97.3912,
			"latitude":27.75745,
			"city":"CORPUS CHRISTI"
		},
		{
			"zip":"77833-5521",
			"url":null,
			"type":"store",
			"street":"2508 S. DAY ST.",
			"storeNumber":414,
			"state":"TX",
			"openTimeslots":0,
			"openAppointmentSlots":0,
			"name":"Brenham H-E-B",
			"longitude":-96.39591,
			"latitude":30.14381,
			"city":"BRENHAM"
		},
		{
			"zip":"78154-1264",
			"url":null,
			"type":"store",
			"street":"17460 I.H. 35 NORTH",
			"storeNumber":415,
			"state":"TX",
			"openTimeslots":0,
			"openAppointmentSlots":0,
			"name":"Schertz H-E-B plus!",
			"longitude":-98.27742,
			"latitude":29.59717,
			"city":"SCHERTZ"
		},
		{
			"zip":"78945-2655",
			"url":null,
			"type":"store",
			"street":"450 E. TRAVIS",
			"storeNumber":416,
			"state":"TX",
			"openTimeslots":0,
			"openAppointmentSlots":0,
			"name":"La Grange H-E-B",
			"longitude":-96.87264,
			"latitude":29.9073,
			"city":"LA GRANGE"
		},
		{
			"zip":"78840-4658",
			"url":null,
			"type":"store",
			"street":"200 VETERAN'S BLVD",
			"storeNumber":418,
			"state":"TX",
			"openTimeslots":0,
			"openAppointmentSlots":0,
			"name":"Avenue F and Gibbs H-E-B",
			"longitude":-100.8998,
			"latitude":29.36632,
			"city":"DEL RIO"
		},
		{
			"zip":"78852-4718",
			"url":null,
			"type":"store",
			"street":"2135 E. MAIN",
			"storeNumber":419,
			"state":"TX",
			"openTimeslots":0,
			"openAppointmentSlots":0,
			"name":"Eagle Pass H-E-B",
			"longitude":-100.48583,
			"latitude":28.70894,
			"city":"EAGLE PASS"
		},
		{
			"zip":"78516-2315",
			"url":null,
			"type":"store",
			"street":"1211 EAST FRONTAGE RD.",
			"storeNumber":421,
			"state":"TX",
			"openTimeslots":0,
			"openAppointmentSlots":0,
			"name":"Alamo H-E-B",
			"longitude":-98.12414,
			"latitude":26.19073,
			"city":"ALAMO"
		},
		{
			"zip":"76710-4437",
			"url":null,
			"type":"store",
			"street":"1301 WOODED ACRES",
			"storeNumber":423,
			"state":"TX",
			"openTimeslots":0,
			"openAppointmentSlots":0,
			"name":"Wooded Acres H-E-B",
			"longitude":-97.1894,
			"latitude":31.53274,
			"city":"WACO"
		},
		{
			"zip":"78861-2504",
			"url":null,
			"type":"store",
			"street":"609 19TH STREET",
			"storeNumber":424,
			"state":"TX",
			"openTimeslots":0,
			"openAppointmentSlots":0,
			"name":"Hondo H-E-B",
			"longitude":-99.13501,
			"latitude":29.34784,
			"city":"HONDO"
		},
		{
			"zip":"78751-4810",
			"url":null,
			"type":"store",
			"street":"1000 EAST 41 ST.",
			"storeNumber":425,
			"state":"TX",
			"openTimeslots":0,
			"openAppointmentSlots":0,
			"name":"Hancock Center H-E-B",
			"longitude":-97.71973,
			"latitude":30.30057,
			"city":"AUSTIN"
		},
		{
			"zip":"75165-1884",
			"url":null,
			"type":"store",
			"street":"800 HWY 77",
			"storeNumber":426,
			"state":"TX",
			"openTimeslots":0,
			"openAppointmentSlots":0,
			"name":"Waxahachie H-E-B",
			"longitude":-96.83983,
			"latitude":32.41159,
			"city":"WAXAHACHIE"
		},
		{
			"zip":"78221-1642",
			"url":null,
			"type":"store",
			"street":"735 SW MILITARY",
			"storeNumber":427,
			"state":"TX",
			"openTimeslots":0,
			"openAppointmentSlots":0,
			"name":"Military and Pleasanton H-E-B",
			"longitude":-98.50277,
			"latitude":29.35666,
			"city":"SAN ANTONIO"
		},
		{
			"zip":"78745-5008",
			"url":null,
			"type":"store",
			"street":"6900 BRODIE LANE",
			"storeNumber":428,
			"state":"TX",
			"openTimeslots":0,
			"openAppointmentSlots":0,
			"name":"Brodie Lane H-E-B",
			"longitude":-97.83076,
			"latitude":30.21489,
			"city":"AUSTIN"
		},
		{
			"zip":"78539-7312",
			"url":null,
			"type":"store",
			"street":"2700 W FREDDY GONZALES",
			"storeNumber":431,
			"state":"TX",
			"openTimeslots":0,
			"openAppointmentSlots":0,
			"name":"Edinburg H-E-B",
			"longitude":-98.1958,
			"latitude":26.29078,
			"city":"EDINBURG"
		},
		{
			"zip":"78611-3201",
			"url":null,
			"type":"store",
			"street":"105 S BOUNDARY",
			"storeNumber":433,
			"state":"TX",
			"openTimeslots":0,
			"openAppointmentSlots":0,
			"name":"Burnet H-E-B",
			"longitude":-98.22452,
			"latitude":30.7588,
			"city":"BURNET"
		},
		{
			"zip":"77979-2423",
			"url":null,
			"type":"store",
			"street":"101 CALHOUN PLAZA",
			"storeNumber":434,
			"state":"TX",
			"openTimeslots":0,
			"openAppointmentSlots":0,
			"name":"Port Lavaca H-E-B",
			"longitude":-96.64126,
			"latitude":28.62096,
			"city":"PORT LAVACA"
		},
		{
			"zip":"78801-5638",
			"url":null,
			"type":"store",
			"street":"201 EAST MAIN",
			"storeNumber":441,
			"state":"TX",
			"openTimeslots":0,
			"openAppointmentSlots":0,
			"name":"Uvalde H-E-B",
			"longitude":-99.78378,
			"latitude":29.21013,
			"city":"UVALDE"
		},
		{
			"zip":"78223-3814",
			"url":null,
			"type":"store",
			"street":"3323 SE MILITARY DR.",
			"storeNumber":444,
			"state":"TX",
			"openTimeslots":0,
			"openAppointmentSlots":0,
			"name":"Military and Goliad H-E-B",
			"longitude":-98.4362,
			"latitude":29.35194,
			"city":"SAN ANTONIO"
		},
		{
			"zip":"78644-2702",
			"url":null,
			"type":"store",
			"street":"403 SOUTH COLORADO STREET",
			"storeNumber":445,
			"state":"TX",
			"openTimeslots":0,
			"openAppointmentSlots":0,
			"name":"Lockhart H-E-B",
			"longitude":-97.66994,
			"latitude":29.88213,
			"city":"LOCKHART"
		},
		{
			"zip":"78521-1609",
			"url":null,
			"type":"store",
			"street":"2155 PAREDES LINE RD",
			"storeNumber":446,
			"state":"TX",
			"openTimeslots":0,
			"openAppointmentSlots":0,
			"name":"Paredes and Torres H-E-B plus!",
			"longitude":-97.48904,
			"latitude":25.95015,
			"city":"BROWNSVILLE"
		},
		{
			"zip":"78572-9139",
			"url":null,
			"type":"store",
			"street":"6010 W EXPRESSWAY 83",
			"storeNumber":448,
			"state":"TX",
			"openTimeslots":0,
			"openAppointmentSlots":0,
			"name":"Palmview H-E-B",
			"longitude":-98.38306,
			"latitude":26.23562,
			"city":"PALMVIEW"
		},
		{
			"zip":"78045-2802",
			"url":null,
			"type":"store",
			"street":"7811 MCPHERSON RD.",
			"storeNumber":449,
			"state":"TX",
			"openTimeslots":0,
			"openAppointmentSlots":0,
			"name":"McPherson Rd H-E-B",
			"longitude":-99.4733,
			"latitude":27.5754,
			"city":"LAREDO"
		},
		{
			"zip":"78726-4539",
			"url":null,
			"type":"store",
			"street":"7301 N FM 620",
			"storeNumber":451,
			"state":"TX",
			"openTimeslots":0,
			"openAppointmentSlots":0,
			"name":"Four Points H-E-B",
			"longitude":-97.85202,
			"latitude":30.40458,
			"city":"AUSTIN"
		},
		{
			"zip":"78666-5615",
			"url":null,
			"type":"store",
			"street":"200 WEST HOPKINS ST.",
			"storeNumber":455,
			"state":"TX",
			"openTimeslots":0,
			"openAppointmentSlots":0,
			"name":"West Hopkins H-E-B",
			"longitude":-97.94292,
			"latitude":29.88305,
			"city":"SAN MARCOS"
		},
		{
			"zip":"78405-2040",
			"url":null,
			"type":"store",
			"street":"3033 SOUTH PORT ST.",
			"storeNumber":462,
			"state":"TX",
			"openTimeslots":0,
			"openAppointmentSlots":0,
			"name":"S Port and Tarlton H-E-B",
			"longitude":-97.42137,
			"latitude":27.76687,
			"city":"CORPUS CHRISTI"
		},
		{
			"zip":"78248-4552",
			"url":null,
			"type":"store",
			"street":"1150 NW LOOP 1604",
			"storeNumber":463,
			"state":"TX",
			"openTimeslots":0,
			"openAppointmentSlots":0,
			"name":"Loop 1604 and Blanco Rd H-E-B plus!",
			"longitude":-98.50968,
			"latitude":29.60792,
			"city":"SAN ANTONIO"
		},
		{
			"zip":"78702-3907",
			"url":null,
			"type":"store",
			"street":"2701 EAST 7TH",
			"storeNumber":465,
			"state":"TX",
			"openTimeslots":0,
			"openAppointmentSlots":0,
			"name":"7th Street H-E-B",
			"longitude":-97.71143,
			"latitude":30.26046,
			"city":"AUSTIN"
		},
		{
			"zip":"78207-3706",
			"url":null,
			"type":"store",
			"street":"108 N ROSILLO",
			"storeNumber":466,
			"state":"TX",
			"openTimeslots":0,
			"openAppointmentSlots":0,
			"name":"Commerce and Rosillo H-E-B",
			"longitude":-98.5256,
			"latitude":29.4281,
			"city":"SAN ANTONIO"
		},
		{
			"zip":"76667-2445",
			"url":null,
			"type":"store",
			"street":"701 E. MILAM STREET",
			"storeNumber":467,
			"state":"TX",
			"openTimeslots":0,
			"openAppointmentSlots":0,
			"name":"Mexia H-E-B",
			"longitude":-96.47858,
			"latitude":31.68434,
			"city":"MEXIA"
		},
		{
			"zip":"77505-4027",
			"url":null,
			"type":"store",
			"street":"6210 FAIRMONT PKWY",
			"storeNumber":473,
			"state":"TX",
			"openTimeslots":0,
			"openAppointmentSlots":0,
			"name":"Fairmont Pkwy H-E-B",
			"longitude":-95.14512,
			"latitude":29.6497,
			"city":"PASADENA"
		},
		{
			"zip":"77459-4180",
			"url":null,
			"type":"store",
			"street":"4724 HWY 6",
			"storeNumber":474,
			"state":"TX",
			"openTimeslots":0,
			"openAppointmentSlots":0,
			"name":"Lake Colony H-E-B",
			"longitude":-95.58244,
			"latitude":29.58032,
			"city":"MISSOURI CITY"
		},
		{
			"zip":"78621-2519",
			"url":null,
			"type":"store",
			"street":"1080 EAST HWY 290",
			"storeNumber":475,
			"state":"TX",
			"openTimeslots":0,
			"openAppointmentSlots":0,
			"name":"Elgin H-E-B",
			"longitude":-97.38258,
			"latitude":30.34701,
			"city":"ELGIN"
		},
		{
			"zip":"78753-1632",
			"url":null,
			"type":"store",
			"street":"500 CANYON RIDGE DR.",
			"storeNumber":476,
			"state":"TX",
			"openTimeslots":0,
			"openAppointmentSlots":0,
			"name":"Tech Ridge H-E-B",
			"longitude":-97.67201,
			"latitude":30.40443,
			"city":"AUSTIN"
		},
		{
			"zip":"78610-9703",
			"url":null,
			"type":"store",
			"street":"15300 S IH-35",
			"storeNumber":477,
			"state":"TX",
			"openTimeslots":0,
			"openAppointmentSlots":0,
			"name":"Buda H-E-B",
			"longitude":-97.82074,
			"latitude":30.08769,
			"city":"BUDA"
		},
		{
			"zip":"78660-8045",
			"url":null,
			"type":"store",
			"street":"201 FM 685",
			"storeNumber":479,
			"state":"TX",
			"openTimeslots":0,
			"openAppointmentSlots":0,
			"name":"Pflugerville H-E-B",
			"longitude":-97.6133,
			"latitude":30.4373,
			"city":"PFLUGERVILLE"
		},
		{
			"zip":"78230-2212",
			"url":null,
			"type":"store",
			"street":"9900 WURZBACH",
			"storeNumber":480,
			"state":"TX",
			"openTimeslots":0,
			"openAppointmentSlots":0,
			"name":"I10 and Wurzbach H-E-B",
			"longitude":-98.5595,
			"latitude":29.5336,
			"city":"SAN ANTONIO"
		},
		{
			"zip":"78596-2700",
			"url":null,
			"type":"store",
			"street":"310 N. WESTGATE DRIVE",
			"storeNumber":485,
			"state":"TX",
			"openTimeslots":0,
			"openAppointmentSlots":0,
			"name":"83 and Westgate H-E-B",
			"longitude":-97.98934,
			"latitude":26.17109,
			"city":"WESLACO"
		},
		{
			"zip":"78628-0",
			"url":null,
			"type":"store",
			"street":"4500 FM 2338",
			"storeNumber":487,
			"state":"TX",
			"openTimeslots":0,
			"openAppointmentSlots":0,
			"name":"Williams Drive H-E-B",
			"longitude":-97.71873,
			"latitude":30.68312,
			"city":"GEORGETOWN"
		},
		{
			"zip":"78374-2816",
			"url":null,
			"type":"store",
			"street":"1600 WILDCAT DRIVE",
			"storeNumber":488,
			"state":"TX",
			"openTimeslots":0,
			"openAppointmentSlots":0,
			"name":"Portland H-E-B",
			"longitude":-97.31836,
			"latitude":27.88722,
			"city":"PORTLAND"
		},
		{
			"zip":"78521-2216",
			"url":null,
			"type":"store",
			"street":"2250 BOCA CHICA",
			"storeNumber":489,
			"state":"TX",
			"openTimeslots":0,
			"openAppointmentSlots":0,
			"name":"Boca Chica H-E-B",
			"longitude":-97.48722,
			"latitude":25.92214,
			"city":"BROWNSVILLE"
		},
		{
			"zip":"77084-5813",
			"url":null,
			"type":"store",
			"street":"1550 FRY RD",
			"storeNumber":492,
			"state":"TX",
			"openTimeslots":0,
			"openAppointmentSlots":0,
			"name":"Fry Rd and I10 H-E-B",
			"longitude":-95.7189,
			"latitude":29.7898,
			"city":"HOUSTON"
		},
		{
			"zip":"78251-1320",
			"url":null,
			"type":"store",
			"street":"10660 WEST FM 471",
			"storeNumber":494,
			"state":"TX",
			"openTimeslots":0,
			"openAppointmentSlots":0,
			"name":"Culebra and 1604 H-E-B",
			"longitude":-98.70445,
			"latitude":29.49292,
			"city":"SAN ANTONIO"
		},
		{
			"zip":"78664-7186",
			"url":null,
			"type":"store",
			"street":"603 LOUIS HENNA BLVD. BLDG A",
			"storeNumber":495,
			"state":"TX",
			"openTimeslots":0,
			"openAppointmentSlots":0,
			"name":"Louis Henna Blvd H-E-B",
			"longitude":-97.65938,
			"latitude":30.48179,
			"city":"ROUND ROCK"
		},
		{
			"zip":"77450-4564",
			"url":null,
			"type":"store",
			"street":"1621 MASON ROAD",
			"storeNumber":497,
			"state":"TX",
			"openTimeslots":0,
			"openAppointmentSlots":0,
			"name":"Mason Rd H-E-B",
			"longitude":-95.75102,
			"latitude":29.75787,
			"city":"KATY"
		},
		{
			"zip":"77346-3128",
			"url":null,
			"type":"store",
			"street":"7405 FM 1960 EAST",
			"storeNumber":498,
			"state":"TX",
			"openTimeslots":0,
			"openAppointmentSlots":0,
			"name":"Atascocita H-E-B",
			"longitude":-95.1642,
			"latitude":29.9983,
			"city":"HUMBLE"
		},
		{
			"zip":"77087-2558",
			"url":null,
			"type":"store",
			"street":"3111 WOODRIDGE, SUITE 500",
			"storeNumber":540,
			"state":"TX",
			"openTimeslots":0,
			"openAppointmentSlots":0,
			"name":"Gulfgate H-E-B",
			"longitude":-95.2968,
			"latitude":29.6994,
			"city":"HOUSTON"
		},
		{
			"zip":"77072-5000",
			"url":null,
			"type":"store",
			"street":"10100 BEECHNUT",
			"storeNumber":541,
			"state":"TX",
			"openTimeslots":0,
			"openAppointmentSlots":0,
			"name":"Beechnut H-E-B",
			"longitude":-95.5604,
			"latitude":29.6896,
			"city":"HOUSTON"
		},
		{
			"zip":"77840-3914",
			"url":null,
			"type":"store",
			"street":"1900 TEXAS AVENUE SOUTH",
			"storeNumber":543,
			"state":"TX",
			"openTimeslots":0,
			"openAppointmentSlots":0,
			"name":"Texas Avenue H-E-B",
			"longitude":-96.3165,
			"latitude":30.6131,
			"city":"COLLEGE STATION"
		},
		{
			"zip":"77802-5320",
			"url":null,
			"type":"store",
			"street":"725 E VILLA MARIA RD STE 1300",
			"storeNumber":544,
			"state":"TX",
			"openTimeslots":0,
			"openAppointmentSlots":0,
			"name":"Tejas Center H-E-B",
			"longitude":-96.3513,
			"latitude":30.64506,
			"city":"BRYAN"
		},
		{
			"zip":"77077-6860",
			"url":null,
			"type":"store",
			"street":"11815 WESTHEIMER",
			"storeNumber":551,
			"state":"TX",
			"openTimeslots":0,
			"openAppointmentSlots":0,
			"name":"Westheimer and Kirkwood H-E-B",
			"longitude":-95.587,
			"latitude":29.7363,
			"city":"HOUSTON"
		},
		{
			"zip":"77084-2718",
			"url":null,
			"type":"store",
			"street":"4955 HWY 6",
			"storeNumber":553,
			"state":"TX",
			"openTimeslots":0,
			"openAppointmentSlots":0,
			"name":"Bear Creek H-E-B",
			"longitude":-95.6457,
			"latitude":29.8487,
			"city":"HOUSTON"
		},
		{
			"zip":"77901-6220",
			"url":null,
			"type":"store",
			"street":"1505 EAST RIO GRANDE",
			"storeNumber":554,
			"state":"TX",
			"openTimeslots":0,
			"openAppointmentSlots":0,
			"name":"59 and Laurent H-E-B",
			"longitude":-96.9896,
			"latitude":28.8062,
			"city":"VICTORIA"
		},
		{
			"zip":"78148-3806",
			"url":null,
			"type":"store",
			"street":"910 KITTY HAWK ROAD",
			"storeNumber":555,
			"state":"TX",
			"openTimeslots":0,
			"openAppointmentSlots":0,
			"name":"Kitty Hawk H-E-B",
			"longitude":-98.31298,
			"latitude":29.54766,
			"city":"UNIVERSAL CITY"
		},
		{
			"zip":"78201-4407",
			"url":null,
			"type":"store",
			"street":"2118 FREDERICKSBURG RD",
			"storeNumber":556,
			"state":"TX",
			"openTimeslots":0,
			"openAppointmentSlots":0,
			"name":"Deco District H-E-B",
			"longitude":-98.5261,
			"latitude":29.4646,
			"city":"SAN ANTONIO"
		},
		{
			"zip":"76705-2874",
			"url":null,
			"type":"store",
			"street":"801 NORTH I-H 35",
			"storeNumber":557,
			"state":"TX",
			"openTimeslots":0,
			"openAppointmentSlots":0,
			"name":"35 and 84 H-E-B plus!",
			"longitude":-97.10815,
			"latitude":31.59052,
			"city":"BELLMEAD"
		},
		{
			"zip":"77546-5405",
			"url":null,
			"type":"store",
			"street":"701 WEST PARKWOOD",
			"storeNumber":558,
			"state":"TX",
			"openTimeslots":0,
			"openAppointmentSlots":0,
			"name":"Friendswood H-E-B",
			"longitude":-95.1912,
			"latitude":29.5066,
			"city":"FRIENDSWOOD"
		},
		{
			"zip":"78624-4146",
			"url":null,
			"type":"store",
			"street":"407 SOUTH ADAMS",
			"storeNumber":561,
			"state":"TX",
			"openTimeslots":0,
			"openAppointmentSlots":0,
			"name":"Fredericksburg H-E-B",
			"longitude":-98.87538,
			"latitude":30.27006,
			"city":"FREDERICKSBURG"
		},
		{
			"zip":"78382-3314",
			"url":null,
			"type":"store",
			"street":"1409 HWY 35 NORTH BUSINESS",
			"storeNumber":562,
			"state":"TX",
			"openTimeslots":0,
			"openAppointmentSlots":0,
			"name":"Rockport H-E-B",
			"longitude":-97.0425,
			"latitude":28.0378,
			"city":"ROCKPORT"
		},
		{
			"zip":"77479-6505",
			"url":null,
			"type":"store",
			"street":"19900 SOUTHWEST FWY",
			"storeNumber":563,
			"state":"TX",
			"openTimeslots":0,
			"openAppointmentSlots":0,
			"name":"Riverpark H-E-B",
			"longitude":-95.6815,
			"latitude":29.5636,
			"city":"SUGAR LAND"
		},
		{
			"zip":"77380-2272",
			"url":null,
			"type":"store",
			"street":"130 SAWDUST ROAD",
			"storeNumber":564,
			"state":"TX",
			"openTimeslots":0,
			"openAppointmentSlots":0,
			"name":"Woodlands 1 H-E-B",
			"longitude":-95.44512,
			"latitude":30.12684,
			"city":"SPRING"
		},
		{
			"zip":"78257-1161",
			"url":null,
			"type":"store",
			"street":"24165 I-H 10 WEST, SUITE 300",
			"storeNumber":566,
			"state":"TX",
			"openTimeslots":0,
			"openAppointmentSlots":0,
			"name":"Leon Springs H-E-B",
			"longitude":-98.63218,
			"latitude":29.6659,
			"city":"SAN ANTONIO"
		},
		{
			"zip":"78209-1804",
			"url":null,
			"type":"store",
			"street":"999 EAST BASSE ROAD",
			"storeNumber":567,
			"state":"TX",
			"openTimeslots":0,
			"openAppointmentSlots":0,
			"name":"Lincoln Heights Market H-E-B",
			"longitude":-98.4682,
			"latitude":29.4967,
			"city":"SAN ANTONIO"
		},
		{
			"zip":"78217-2116",
			"url":null,
			"type":"store",
			"street":"12018 PERRIN BEITEL ROAD",
			"storeNumber":568,
			"state":"TX",
			"openTimeslots":0,
			"openAppointmentSlots":0,
			"name":"Nacogdoches and Thousand Oaks H-E-B",
			"longitude":-98.4082,
			"latitude":29.5491,
			"city":"SAN ANTONIO"
		},
		{
			"zip":"78041-2205",
			"url":null,
			"type":"store",
			"street":"210 WEST DEL MAR BOULEVARD",
			"storeNumber":570,
			"state":"TX",
			"openTimeslots":0,
			"openAppointmentSlots":0,
			"name":"35 and Del Mar H-E-B",
			"longitude":-99.49676,
			"latitude":27.56786,
			"city":"LAREDO"
		},
		{
			"zip":"78572-2912",
			"url":null,
			"type":"store",
			"street":"200 EAST GRIFFIN",
			"storeNumber":571,
			"state":"TX",
			"openTimeslots":0,
			"openAppointmentSlots":0,
			"name":"Conway & Griffin Pkwy H-E-B",
			"longitude":-98.32225,
			"latitude":26.22834,
			"city":"MISSION"
		},
		{
			"zip":"77375-4546",
			"url":null,
			"type":"store",
			"street":"28520 TOMBALL PARKWAY",
			"storeNumber":574,
			"state":"TX",
			"openTimeslots":0,
			"openAppointmentSlots":0,
			"name":"Tomball H-E-B",
			"longitude":-95.63218,
			"latitude":30.08868,
			"city":"TOMBALL"
		},
		{
			"zip":"77379-7234",
			"url":null,
			"type":"store",
			"street":"7310 LOUETTA",
			"storeNumber":576,
			"state":"TX",
			"openTimeslots":0,
			"openAppointmentSlots":0,
			"name":"Louetta and Stuebner H-E-B",
			"longitude":-95.5243,
			"latitude":30.0209,
			"city":"SPRING"
		},
		{
			"zip":"77043-1803",
			"url":null,
			"type":"store",
			"street":"10251 KEMPWOOD",
			"storeNumber":577,
			"state":"TX",
			"openTimeslots":0,
			"openAppointmentSlots":0,
			"name":"Kempwood and Gessner H-E-B",
			"longitude":-95.5468,
			"latitude":29.8226,
			"city":"HOUSTON"
		},
		{
			"zip":"77380-1531",
			"url":null,
			"type":"store",
			"street":"9595 SIX PINES RD",
			"storeNumber":579,
			"state":"TX",
			"openTimeslots":0,
			"openAppointmentSlots":0,
			"name":"Woodlands Market H-E-B",
			"longitude":-95.46575,
			"latitude":30.16409,
			"city":"THE WOODLANDS"
		},
		{
			"zip":"78613-7273",
			"url":null,
			"type":"store",
			"street":"2800 EAST WHITESTONE",
			"storeNumber":580,
			"state":"TX",
			"openTimeslots":0,
			"openAppointmentSlots":0,
			"name":"Parmer and Whitestone H-E-B",
			"longitude":-97.78545,
			"latitude":30.5328,
			"city":"CEDAR PARK"
		},
		{
			"zip":"76542-1910",
			"url":null,
			"type":"store",
			"street":"2511 TRIMMIER RD, SUITE 100",
			"storeNumber":581,
			"state":"TX",
			"openTimeslots":0,
			"openAppointmentSlots":0,
			"name":"Trimmier H-E-B plus!",
			"longitude":-97.7338,
			"latitude":31.0909,
			"city":"KILLEEN"
		},
		{
			"zip":"78602-3740",
			"url":null,
			"type":"store",
			"street":"104 HASLER BLVD",
			"storeNumber":582,
			"state":"TX",
			"openTimeslots":0,
			"openAppointmentSlots":0,
			"name":"Bastrop H-E-B plus!",
			"longitude":-97.33458,
			"latitude":30.10981,
			"city":"BASTROP"
		},
		{
			"zip":"76712-3371",
			"url":null,
			"type":"store",
			"street":"9100 WOODWAY DRIVE",
			"storeNumber":583,
			"state":"TX",
			"openTimeslots":0,
			"openAppointmentSlots":0,
			"name":"Woodway H-E-B plus!",
			"longitude":-97.22132,
			"latitude":31.49664,
			"city":"WOODWAY"
		},
		{
			"zip":"77437-4420",
			"url":null,
			"type":"store",
			"street":"306 N. MECHANIC",
			"storeNumber":584,
			"state":"TX",
			"openTimeslots":0,
			"openAppointmentSlots":0,
			"name":"El Campo H-E-B",
			"longitude":-96.26988,
			"latitude":29.19683,
			"city":"EL CAMPO"
		},
		{
			"zip":"78218-6039",
			"url":null,
			"type":"store",
			"street":"1520 AUSTIN HWY",
			"storeNumber":585,
			"state":"TX",
			"openTimeslots":0,
			"openAppointmentSlots":0,
			"name":"Austin Highway H-E-B",
			"longitude":-98.43132,
			"latitude":29.4937,
			"city":"SAN ANTONIO"
		},
		{
			"zip":"78046-6563",
			"url":null,
			"type":"store",
			"street":"2314 SOUTH ZAPATA HIGHWAY",
			"storeNumber":586,
			"state":"TX",
			"openTimeslots":0,
			"openAppointmentSlots":0,
			"name":"Zapata Highway H-E-B",
			"longitude":-99.47479,
			"latitude":27.47673,
			"city":"LAREDO"
		},
		{
			"zip":"77642-7403",
			"url":null,
			"type":"store",
			"street":"4800 B HWY 365",
			"storeNumber":589,
			"state":"TX",
			"openTimeslots":0,
			"openAppointmentSlots":0,
			"name":"Mid County H-E-B",
			"longitude":-93.9758,
			"latitude":29.966,
			"city":"PORT ARTHUR"
		},
		{
			"zip":"78504-7705",
			"url":null,
			"type":"store",
			"street":"901 TRENTON RD",
			"storeNumber":590,
			"state":"TX",
			"openTimeslots":0,
			"openAppointmentSlots":0,
			"name":"10th and Trenton H-E-B",
			"longitude":-98.2188,
			"latitude":26.2678,
			"city":"MCALLEN"
		},
		{
			"zip":"78664-4677",
			"url":null,
			"type":"store",
			"street":"1700 EAST PALM VALLEY BLVD",
			"storeNumber":591,
			"state":"TX",
			"openTimeslots":0,
			"openAppointmentSlots":0,
			"name":"Round Rock H-E-B plus!",
			"longitude":-97.65978,
			"latitude":30.5177,
			"city":"ROUND ROCK"
		},
		{
			"zip":"78641-7001",
			"url":null,
			"type":"store",
			"street":"651 N. US HWY 183",
			"storeNumber":592,
			"state":"TX",
			"openTimeslots":0,
			"openAppointmentSlots":0,
			"name":"Leander H-E-B plus!",
			"longitude":-97.8582,
			"latitude":30.58369,
			"city":"LEANDER"
		},
		{
			"zip":"76574-7059",
			"url":null,
			"type":"store",
			"street":"100 N.W.CARLOS G.PARKER BL#101",
			"storeNumber":593,
			"state":"TX",
			"openTimeslots":0,
			"openAppointmentSlots":0,
			"name":"Taylor H-E-B",
			"longitude":-97.4167,
			"latitude":30.6007,
			"city":"TAYLOR"
		},
		{
			"zip":"77382-2772",
			"url":null,
			"type":"store",
			"street":"10777 KUYKENDAHL ROAD",
			"storeNumber":594,
			"state":"TX",
			"openTimeslots":0,
			"openAppointmentSlots":0,
			"name":"Indian Springs H-E-B",
			"longitude":-95.53672,
			"latitude":30.17791,
			"city":"THE WOODLANDS"
		},
		{
			"zip":"77301-1220",
			"url":null,
			"type":"store",
			"street":"2108 NORTH FRAZIER",
			"storeNumber":595,
			"state":"TX",
			"openTimeslots":0,
			"openAppointmentSlots":0,
			"name":"Conroe H-E-B",
			"longitude":-95.46548,
			"latitude":30.33593,
			"city":"CONROE"
		},
		{
			"zip":"77494-8100",
			"url":null,
			"type":"store",
			"street":"6711 SOUTH FRY ROAD",
			"storeNumber":596,
			"state":"TX",
			"openTimeslots":0,
			"openAppointmentSlots":0,
			"name":"Grand Parkway H-E-B plus!",
			"longitude":-95.7739,
			"latitude":29.7144,
			"city":"KATY"
		},
		{
			"zip":"77005-4210",
			"url":null,
			"type":"store",
			"street":"5225 A  BUFFALO SPEEDWAY",
			"storeNumber":599,
			"state":"TX",
			"openTimeslots":0,
			"openAppointmentSlots":0,
			"name":"Buffalo Market H-E-B On Buffalo Speedway",
			"longitude":-95.4271,
			"latitude":29.7261,
			"city":"HOUSTON"
		},
		{
			"zip":"76401-3928",
			"url":null,
			"type":"store",
			"street":"2150 W. WASHINGTON",
			"storeNumber":6,
			"state":"TX",
			"openTimeslots":0,
			"openAppointmentSlots":0,
			"name":"Stephenville H-E-B",
			"longitude":-98.22569,
			"latitude":32.20975,
			"city":"STEPHENVILLE"
		},
		{
			"zip":"78582-4815",
			"url":null,
			"type":"store",
			"street":"4031 EAST HWY 83",
			"storeNumber":13,
			"state":"TX",
			"openTimeslots":0,
			"openAppointmentSlots":0,
			"name":"Rio Grande City H-E-B plus!",
			"longitude":-98.80031,
			"latitude":26.37244,
			"city":"RIO GRANDE CITY"
		},
		{
			"zip":"78640-6038",
			"url":null,
			"type":"store",
			"street":"5401 SOUTH FM 1626",
			"storeNumber":14,
			"state":"TX",
			"openTimeslots":0,
			"openAppointmentSlots":0,
			"name":"Kyle H-E-B plus!",
			"longitude":-97.86258,
			"latitude":30.01533,
			"city":"KYLE"
		},
		{
			"zip":"76028-5154",
			"url":null,
			"type":"store",
			"street":"165 N.W.JOHN JONES DR.",
			"storeNumber":16,
			"state":"TX",
			"openTimeslots":0,
			"openAppointmentSlots":0,
			"name":"Burleson H-E-B plus!",
			"longitude":-97.34901,
			"latitude":32.52083,
			"city":"BURLESON"
		},
		{
			"zip":"78052-3622",
			"url":null,
			"type":"store",
			"street":"19337 MCDONALD STREET",
			"storeNumber":19,
			"state":"TX",
			"openTimeslots":0,
			"openAppointmentSlots":0,
			"name":"Lytle H-E-B plus!",
			"longitude":-98.78924,
			"latitude":29.23224,
			"city":"LYTLE"
		},
		{
			"zip":"77429-5683",
			"url":null,
			"type":"store",
			"street":"24224 NORTHWEST FREEWAY",
			"storeNumber":20,
			"state":"TX",
			"openTimeslots":0,
			"openAppointmentSlots":0,
			"name":"Cypress Market H-E-B",
			"longitude":-95.6765,
			"latitude":29.95569,
			"city":"CYPRESS"
		},
		{
			"zip":"78726-1168",
			"url":null,
			"type":"store",
			"street":"11521 NORTH FM620, BUILDING A",
			"storeNumber":24,
			"state":"TX",
			"openTimeslots":0,
			"openAppointmentSlots":0,
			"name":"Anderson Mill H-E-B plus!",
			"longitude":-97.82626,
			"latitude":30.45495,
			"city":"AUSTIN"
		},
		{
			"zip":"78114-1851",
			"url":null,
			"type":"store",
			"street":"925 10TH STREET",
			"storeNumber":25,
			"state":"TX",
			"openTimeslots":0,
			"openAppointmentSlots":0,
			"name":"Floresville H-E-B",
			"longitude":-98.15681,
			"latitude":29.14284,
			"city":"FLORESVILLE"
		},
		{
			"zip":"78223-1717",
			"url":null,
			"type":"store",
			"street":"4100 SOUTH NEW BRAUNFELS",
			"storeNumber":26,
			"state":"TX",
			"openTimeslots":0,
			"openAppointmentSlots":0,
			"name":"McCreless Market H-E-B plus!",
			"longitude":-98.46115,
			"latitude":29.37828,
			"city":"SAN ANTONIO"
		},
		{
			"zip":"77573-6750",
			"url":null,
			"type":"store",
			"street":"2955 SOUTH GULF FREEWAY",
			"storeNumber":28,
			"state":"TX",
			"openTimeslots":0,
			"openAppointmentSlots":0,
			"name":"Bay Colony H-E-B",
			"longitude":-95.0926,
			"latitude":29.4677,
			"city":"LEAGUE CITY"
		},
		{
			"zip":"78746-5256",
			"url":null,
			"type":"store",
			"street":"701 CAPITOL OF TEXAS HWY-BLD C",
			"storeNumber":29,
			"state":"TX",
			"openTimeslots":0,
			"openAppointmentSlots":0,
			"name":"Westlake H-E-B",
			"longitude":-97.82813,
			"latitude":30.2928,
			"city":"WEST LAKE HILLS"
		},
		{
			"zip":"78750-3222",
			"url":null,
			"type":"store",
			"street":"12860 RESEARCH BLVD",
			"storeNumber":31,
			"state":"TX",
			"openTimeslots":0,
			"openAppointmentSlots":0,
			"name":"Spicewood Springs H-E-B",
			"longitude":-97.7713,
			"latitude":30.43494,
			"city":"AUSTIN"
		},
		{
			"zip":"77388-3412",
			"url":null,
			"type":"store",
			"street":"2121 FM 2920",
			"storeNumber":610,
			"state":"TX",
			"openTimeslots":0,
			"openAppointmentSlots":0,
			"name":"Spring Market H-E-B",
			"longitude":-95.44894,
			"latitude":30.07042,
			"city":"SPRING"
		},
		{
			"zip":"78620-5482",
			"url":null,
			"type":"store",
			"street":"598 E.HWY US 290",
			"storeNumber":611,
			"state":"TX",
			"openTimeslots":0,
			"openAppointmentSlots":0,
			"name":"Dripping Springs H-E-B",
			"longitude":-98.08146,
			"latitude":30.18968,
			"city":"DRIPPING SPRINGS"
		},
		{
			"zip":"78121-5922",
			"url":null,
			"type":"store",
			"street":"14414 US HWY 87 WEST",
			"storeNumber":612,
			"state":"TX",
			"openTimeslots":0,
			"openAppointmentSlots":0,
			"name":"La Vernia H-E-B",
			"longitude":-98.13514,
			"latitude":29.35803,
			"city":"LA VERNIA"
		},
		{
			"zip":"78227-1652",
			"url":null,
			"type":"store",
			"street":"8219 MARBACH",
			"storeNumber":613,
			"state":"TX",
			"openTimeslots":0,
			"openAppointmentSlots":0,
			"name":"Marbach and 410 H-E-B plus!",
			"longitude":-98.65227,
			"latitude":29.41837,
			"city":"SAN ANTONIO"
		},
		{
			"zip":"77044-6087",
			"url":null,
			"type":"store",
			"street":"12680 W.LAKE HOUSTON PKWY 8",
			"storeNumber":614,
			"state":"TX",
			"openTimeslots":0,
			"openAppointmentSlots":0,
			"name":"Summerwood Market H-E-B",
			"longitude":-95.19697,
			"latitude":29.92325,
			"city":"HOUSTON"
		},
		{
			"zip":"77494-5904",
			"url":null,
			"type":"store",
			"street":"25675 NELSON WAY",
			"storeNumber":615,
			"state":"TX",
			"openTimeslots":0,
			"openAppointmentSlots":0,
			"name":"Katy Market H-E-B",
			"longitude":-95.82005,
			"latitude":29.77644,
			"city":"KATY"
		},
		{
			"zip":"78240-2136",
			"url":null,
			"type":"store",
			"street":"5910 BABCOCK RD",
			"storeNumber":618,
			"state":"TX",
			"openTimeslots":0,
			"openAppointmentSlots":0,
			"name":"Babcock H-E-B",
			"longitude":-98.60198,
			"latitude":29.5271,
			"city":"SAN ANTONIO"
		},
		{
			"zip":"77845-4638",
			"url":null,
			"type":"store",
			"street":"949 WILLIAM D.FITCH PARKWAY",
			"storeNumber":619,
			"state":"TX",
			"openTimeslots":0,
			"openAppointmentSlots":0,
			"name":"Tower Point Market H-E-B",
			"longitude":-96.26315,
			"latitude":30.55969,
			"city":"COLLEGE STATION"
		},
		{
			"zip":"78061-6630",
			"url":null,
			"type":"store",
			"street":"225 SOUTH IH 35",
			"storeNumber":620,
			"state":"TX",
			"openTimeslots":0,
			"openAppointmentSlots":0,
			"name":"Pearsall H-E-B",
			"longitude":-99.11446,
			"latitude":28.89503,
			"city":"PEARSALL"
		},
		{
			"zip":"78006-2523",
			"url":null,
			"type":"store",
			"street":"420 WEST BANDERA ROAD",
			"storeNumber":621,
			"state":"TX",
			"openTimeslots":0,
			"openAppointmentSlots":0,
			"name":"Boerne H-E-B plus!",
			"longitude":-98.73481,
			"latitude":29.78173,
			"city":"BOERNE"
		},
		{
			"zip":"78070-6270",
			"url":null,
			"type":"store",
			"street":"20725 HWY 46",
			"storeNumber":622,
			"state":"TX",
			"openTimeslots":0,
			"openAppointmentSlots":0,
			"name":"Bulverde H-E-B plus!",
			"longitude":-98.43022,
			"latitude":29.79882,
			"city":"SPRING BRANCH"
		},
		{
			"zip":"78249-2577",
			"url":null,
			"type":"store",
			"street":"9238 N.LOOP 1604 WEST",
			"storeNumber":623,
			"state":"TX",
			"openTimeslots":0,
			"openAppointmentSlots":0,
			"name":"Bandera and 1604 H-E-B plus!",
			"longitude":-98.66444,
			"latitude":29.55498,
			"city":"SAN ANTONIO"
		},
		{
			"zip":"78586-4395",
			"url":null,
			"type":"store",
			"street":"1095 WEST BUSINESS 77",
			"storeNumber":626,
			"state":"TX",
			"openTimeslots":0,
			"openAppointmentSlots":0,
			"name":"San Benito H-E-B",
			"longitude":-97.63395,
			"latitude":26.14392,
			"city":"SAN BENITO"
		},
		{
			"zip":"78664-4642",
			"url":null,
			"type":"store",
			"street":"3750 GATTIS SCHOOL RD",
			"storeNumber":34,
			"state":"TX",
			"openTimeslots":0,
			"openAppointmentSlots":0,
			"name":"Gattis School Rd H-E-B",
			"longitude":-97.61475,
			"latitude":30.49721,
			"city":"ROUND ROCK"
		},
		{
			"zip":"78589-3734",
			"url":null,
			"type":"store",
			"street":"901 WEST EXPRESSWAY 83",
			"storeNumber":38,
			"state":"TX",
			"openTimeslots":0,
			"openAppointmentSlots":0,
			"name":"San Juan H-E-B plus!",
			"longitude":-98.1647,
			"latitude":26.20274,
			"city":"SAN JUAN"
		},
		{
			"zip":"76513-1519",
			"url":null,
			"type":"store",
			"street":"2509 NORTH MAIN STREET",
			"storeNumber":39,
			"state":"TX",
			"openTimeslots":0,
			"openAppointmentSlots":0,
			"name":"Belton H-E-B plus!",
			"longitude":-97.45759,
			"latitude":31.0805,
			"city":"BELTON"
		},
		{
			"zip":"78704-5512",
			"url":null,
			"type":"store",
			"street":"2400 S. CONGRESS",
			"storeNumber":45,
			"state":"TX",
			"openTimeslots":0,
			"openAppointmentSlots":0,
			"name":"South Congress H-E-B",
			"longitude":-97.75382,
			"latitude":30.23875,
			"city":"AUSTIN"
		},
		{
			"zip":"77706-7213",
			"url":null,
			"type":"store",
			"street":"3025 NORTH DOWLEN ROAD",
			"storeNumber":48,
			"state":"TX",
			"openTimeslots":0,
			"openAppointmentSlots":0,
			"name":"Beaumont H-E-B plus!",
			"longitude":-94.1685,
			"latitude":30.10501,
			"city":"BEAUMONT"
		},
		{
			"zip":"79720-5437",
			"url":null,
			"type":"store",
			"street":"2000 SOUTH GREGG",
			"storeNumber":51,
			"state":"TX",
			"openTimeslots":0,
			"openAppointmentSlots":0,
			"name":"Big Spring H-E-B",
			"longitude":-101.47211,
			"latitude":32.23493,
			"city":"BIG SPRING"
		},
		{
			"zip":"76901-3528",
			"url":null,
			"type":"store",
			"street":"3301 SHERWOOD WAY",
			"storeNumber":52,
			"state":"TX",
			"openTimeslots":0,
			"openAppointmentSlots":0,
			"name":"Sherwood & Avenue N H-E-B",
			"longitude":-100.47977,
			"latitude":31.44511,
			"city":"SAN ANGELO"
		},
		{
			"zip":"77075-2246",
			"url":null,
			"type":"store",
			"street":"9828 BLACKHAWK BLVD.",
			"storeNumber":54,
			"state":"TX",
			"openTimeslots":0,
			"openAppointmentSlots":0,
			"name":"Blackhawk H-E-B",
			"longitude":-95.24868,
			"latitude":29.60234,
			"city":"HOUSTON"
		},
		{
			"zip":"78418-4426",
			"url":null,
			"type":"store",
			"street":"1145 WALDRON ROAD",
			"storeNumber":57,
			"state":"TX",
			"openTimeslots":0,
			"openAppointmentSlots":0,
			"name":"Flour Bluff H-E-B plus!",
			"longitude":-97.28288,
			"latitude":27.66767,
			"city":"CORPUS CHRISTI"
		},
		{
			"zip":"77584-2191",
			"url":null,
			"type":"store",
			"street":"2805 BUSINESS CENTER DRIVE",
			"storeNumber":63,
			"state":"TX",
			"openTimeslots":0,
			"openAppointmentSlots":0,
			"name":"Pearland H-E-B plus!",
			"longitude":-95.39002,
			"latitude":29.55932,
			"city":"PEARLAND"
		},
		{
			"zip":"76708-1675",
			"url":null,
			"type":"store",
			"street":"3801 N 19TH ST.",
			"storeNumber":64,
			"state":"TX",
			"openTimeslots":0,
			"openAppointmentSlots":0,
			"name":"19th and Meridian H-E-B",
			"longitude":-97.17255,
			"latitude":31.5804,
			"city":"WACO"
		},
		{
			"zip":"78749-6507",
			"url":null,
			"type":"store",
			"street":"5800 W. SLAUGHTER LANE",
			"storeNumber":68,
			"state":"TX",
			"openTimeslots":0,
			"openAppointmentSlots":0,
			"name":"Slaughter and Escarpment H-E-B",
			"longitude":-97.87642,
			"latitude":30.20247,
			"city":"AUSTIN"
		},
		{
			"zip":"78413-2816",
			"url":null,
			"type":"store",
			"street":"5313 SARATOGA",
			"storeNumber":69,
			"state":"TX",
			"openTimeslots":0,
			"openAppointmentSlots":0,
			"name":"Staples and Saratoga H-E-B plus!",
			"longitude":-97.38802,
			"latitude":27.68613,
			"city":"CORPUS CHRISTI"
		},
		{
			"zip":"79605-5171",
			"url":null,
			"type":"store",
			"street":"1345 BARROW",
			"storeNumber":70,
			"state":"TX",
			"openTimeslots":0,
			"openAppointmentSlots":0,
			"name":"Abilene H-E-B",
			"longitude":-99.75934,
			"latitude":32.43348,
			"city":"ABILENE"
		},
		{
			"zip":"76504-2448",
			"url":null,
			"type":"store",
			"street":"1314 WEST ADAMS",
			"storeNumber":71,
			"state":"TX",
			"openTimeslots":0,
			"openAppointmentSlots":0,
			"name":"Adams and 25th St H-E-B",
			"longitude":-97.35378,
			"latitude":31.10153,
			"city":"TEMPLE"
		},
		{
			"zip":"77478-4947",
			"url":null,
			"type":"store",
			"street":"530 HWY 6",
			"storeNumber":627,
			"state":"TX",
			"openTimeslots":0,
			"openAppointmentSlots":0,
			"name":"Sugar Land Market H-E-B",
			"longitude":-95.64596,
			"latitude":29.60871,
			"city":"SUGAR LAND"
		},
		{
			"zip":"77098-2807",
			"url":null,
			"type":"store",
			"street":"1701 WEST ALABAMA ST",
			"storeNumber":630,
			"state":"TX",
			"openTimeslots":0,
			"openAppointmentSlots":0,
			"name":"Montrose Market H-E-B",
			"longitude":-95.40284,
			"latitude":29.7379,
			"city":"HOUSTON"
		},
		{
			"zip":"76049-7428",
			"url":null,
			"type":"store",
			"street":"3804 US HWY 377",
			"storeNumber":631,
			"state":"TX",
			"openTimeslots":0,
			"openAppointmentSlots":0,
			"name":"Granbury H-E-B",
			"longitude":-97.73026,
			"latitude":32.45528,
			"city":"GRANBURY"
		},
		{
			"zip":"77384-3943",
			"url":null,
			"type":"store",
			"street":"3601 FM 1488",
			"storeNumber":638,
			"state":"TX",
			"openTimeslots":0,
			"openAppointmentSlots":0,
			"name":"North Woodlands Market H-E-B",
			"longitude":-95.51296,
			"latitude":30.22918,
			"city":"THE WOODLANDS"
		},
		{
			"zip":"78723-3014",
			"url":null,
			"type":"store",
			"street":"1801 E.51ST STREET",
			"storeNumber":639,
			"state":"TX",
			"openTimeslots":0,
			"openAppointmentSlots":0,
			"name":"Mueller H-E-B",
			"longitude":-97.69872,
			"latitude":30.3013,
			"city":"AUSTIN"
		},
		{
			"zip":"78629-2406",
			"url":null,
			"type":"store",
			"street":"1841 CHURCH ST.",
			"storeNumber":641,
			"state":"TX",
			"openTimeslots":0,
			"openAppointmentSlots":0,
			"name":"Gonzales H-E-B",
			"longitude":-97.45202,
			"latitude":29.51832,
			"city":"GONZALES"
		},
		{
			"zip":"78577-6293",
			"url":null,
			"type":"store",
			"street":"1300 SOUTH CAGE BLVD.",
			"storeNumber":642,
			"state":"TX",
			"openTimeslots":0,
			"openAppointmentSlots":0,
			"name":"Pharr H-E-B plus!",
			"longitude":-98.18706,
			"latitude":26.1803,
			"city":"PHARR"
		},
		{
			"zip":"78415-5021",
			"url":null,
			"type":"store",
			"street":"4444 KOSTORYZ",
			"storeNumber":643,
			"state":"TX",
			"openTimeslots":0,
			"openAppointmentSlots":0,
			"name":"Kostoryz and Gollihar H-E-B",
			"longitude":-97.40516,
			"latitude":27.73917,
			"city":"CORPUS CHRISTI"
		},
		{
			"zip":"77803-1828",
			"url":null,
			"type":"store",
			"street":"1609 NORTH TEXAS AVENUE",
			"storeNumber":644,
			"state":"TX",
			"openTimeslots":0,
			"openAppointmentSlots":0,
			"name":"Bryan H-E-B",
			"longitude":-96.3717,
			"latitude":30.6901,
			"city":"BRYAN"
		},
		{
			"zip":"78229-3931",
			"url":null,
			"type":"store",
			"street":"8300 FLOYD CURL DR.STE 105",
			"storeNumber":647,
			"state":"TX",
			"openTimeslots":0,
			"openAppointmentSlots":0,
			"name":"H-E-B Pharmacy at the MARC",
			"longitude":-98.58335,
			"latitude":29.51552,
			"city":"SAN ANTONIO"
		},
		{
			"zip":"78028-5916",
			"url":null,
			"type":"store",
			"street":"313 SIDNEY BAKER SOUTH",
			"storeNumber":655,
			"state":"TX",
			"openTimeslots":0,
			"openAppointmentSlots":0,
			"name":"Kerrville H-E-B on Sidney Baker St",
			"longitude":-99.14342,
			"latitude":30.04152,
			"city":"KERRVILLE"
		},
		{
			"zip":"77433-4288",
			"url":null,
			"type":"store",
			"street":"28550 US- 290",
			"storeNumber":656,
			"state":"TX",
			"openTimeslots":0,
			"openAppointmentSlots":0,
			"name":"Fairfield Market H-E-B",
			"longitude":-95.74599,
			"latitude":29.9925,
			"city":"CYPRESS"
		},
		{
			"zip":"77065-4814",
			"url":null,
			"type":"store",
			"street":"9503 JONES ROAD",
			"storeNumber":657,
			"state":"TX",
			"openTimeslots":0,
			"openAppointmentSlots":0,
			"name":"Jones and West H-E-B",
			"longitude":-95.5859,
			"latitude":29.91104,
			"city":"HOUSTON"
		},
		{
			"zip":"78258-0",
			"url":null,
			"type":"store",
			"street":"23635 WILDERNESS OAK",
			"storeNumber":658,
			"state":"TX",
			"openTimeslots":0,
			"openAppointmentSlots":0,
			"name":"The Market at Stone Oak",
			"longitude":-98.50062,
			"latitude":29.662,
			"city":"SAN ANTONIO"
		},
		{
			"zip":"78717-5992",
			"url":null,
			"type":"store",
			"street":"14028 NORTH US 183",
			"storeNumber":659,
			"state":"TX",
			"openTimeslots":0,
			"openAppointmentSlots":0,
			"name":"Lakeline H-E-B plus!",
			"longitude":-97.8034,
			"latitude":30.47786,
			"city":"AUSTIN"
		},
		{
			"zip":"78132-4753",
			"url":null,
			"type":"store",
			"street":"1655 W STATE HIGHWAY 46",
			"storeNumber":74,
			"state":"TX",
			"openTimeslots":0,
			"openAppointmentSlots":0,
			"name":"New Braunfels H-E-B at Hwy 46",
			"longitude":-98.16041,
			"latitude":29.71309,
			"city":"NEW BRAUNFELS"
		},
		{
			"zip":"78224-1136",
			"url":null,
			"type":"store",
			"street":"6818 SOUTH ZARZAMORA",
			"storeNumber":84,
			"state":"TX",
			"openTimeslots":0,
			"openAppointmentSlots":0,
			"name":"Zarzamora and Military H-E-B plus!",
			"longitude":-98.5339,
			"latitude":29.35787,
			"city":"SAN ANTONIO"
		},
		{
			"zip":"78251-3312",
			"url":null,
			"type":"store",
			"street":"10718 POTRANCO ROAD",
			"storeNumber":85,
			"state":"TX",
			"openTimeslots":0,
			"openAppointmentSlots":0,
			"name":"Potranco and 1604 H-E-B plus!",
			"longitude":-98.70445,
			"latitude":29.43536,
			"city":"SAN ANTONIO"
		},
		{
			"zip":"78028-0",
			"url":null,
			"type":"store",
			"street":"300 W. MAIN ST.",
			"storeNumber":770,
			"state":"TX",
			"openTimeslots":0,
			"openAppointmentSlots":0,
			"name":"Kerrville H-E-B On Main Street",
			"longitude":-99.14287,
			"latitude":30.05056,
			"city":"KERRVILLE"
		},
		{
			"zip":"78741-3037",
			"url":null,
			"type":"store",
			"street":"2508 EAST RIVERSIDE DRIVE",
			"storeNumber":91,
			"state":"TX",
			"openTimeslots":0,
			"openAppointmentSlots":0,
			"name":"Riverside H-E-B plus!",
			"longitude":-97.72401,
			"latitude":30.23547,
			"city":"AUSTIN"
		},
		{
			"zip":"77904-1767",
			"url":null,
			"type":"store",
			"street":"6106 N. NAVARRO",
			"storeNumber":92,
			"state":"TX",
			"openTimeslots":0,
			"openAppointmentSlots":0,
			"name":"Victoria H-E-B plus!",
			"longitude":-96.99736,
			"latitude":28.85159,
			"city":"VICTORIA"
		},
		{
			"zip":"78572-8354",
			"url":null,
			"type":"store",
			"street":"2409 EAST EXPRESSWAY 83",
			"storeNumber":94,
			"state":"TX",
			"openTimeslots":0,
			"openAppointmentSlots":0,
			"name":"Mission H-E-B plus!",
			"longitude":-98.28628,
			"latitude":26.19755,
			"city":"MISSION"
		},
		{
			"zip":"78045-6596",
			"url":null,
			"type":"store",
			"street":"1911 NE BOB BULLOCK LOOP",
			"storeNumber":95,
			"state":"TX",
			"openTimeslots":0,
			"openAppointmentSlots":0,
			"name":"Laredo H-E-B plus!",
			"longitude":-99.47435,
			"latitude":27.60863,
			"city":"LAREDO"
		},
		{
			"zip":"78731-3023",
			"url":null,
			"type":"store",
			"street":"7015 VILLAGE CTR DR.",
			"storeNumber":96,
			"state":"TX",
			"openTimeslots":0,
			"openAppointmentSlots":0,
			"name":"Far West H-E-B",
			"longitude":-97.75598,
			"latitude":30.35289,
			"city":"AUSTIN"
		},
		{
			"zip":"77070-1667",
			"url":null,
			"type":"store",
			"street":"10919 LOUETTA RD",
			"storeNumber":99,
			"state":"TX",
			"openTimeslots":0,
			"openAppointmentSlots":0,
			"name":"Vintage Park Market H-E-B",
			"longitude":-95.57661,
			"latitude":29.9967,
			"city":"HOUSTON"
		},
		{
			"zip":"78231-1841",
			"url":null,
			"type":"store",
			"street":"8503 NW MILITARY HWY",
			"storeNumber":102,
			"state":"TX",
			"openTimeslots":0,
			"openAppointmentSlots":0,
			"name":"Alon Market H-E-B",
			"longitude":-98.53463,
			"latitude":29.55254,
			"city":"SAN ANTONIO"
		},
		{
			"zip":"78220-2530",
			"url":null,
			"type":"store",
			"street":"1015 S.W.W. WHITE ROAD",
			"storeNumber":106,
			"state":"TX",
			"openTimeslots":0,
			"openAppointmentSlots":0,
			"name":"W. W. White H-E-B",
			"longitude":-98.40568,
			"latitude":29.41476,
			"city":"SAN ANTONIO"
		},
		{
			"zip":"75119-4519",
			"url":null,
			"type":"store",
			"street":"101 S. CLAY ST",
			"storeNumber":107,
			"state":"TX",
			"openTimeslots":0,
			"openAppointmentSlots":0,
			"name":"Ennis H-E-B",
			"longitude":-96.63251,
			"latitude":32.32542,
			"city":"ENNIS"
		},
		{
			"zip":"78258-7587",
			"url":null,
			"type":"store",
			"street":"20935 US HIGHWAY 281 NORTH",
			"storeNumber":108,
			"state":"TX",
			"openTimeslots":0,
			"openAppointmentSlots":0,
			"name":"281 and Evans Road H-E-B plus!",
			"longitude":-98.45756,
			"latitude":29.63886,
			"city":"SAN ANTONIO"
		},
		{
			"zip":"77304-1837",
			"url":null,
			"type":"store",
			"street":"3875 W.DAVIS ST.",
			"storeNumber":660,
			"state":"TX",
			"openTimeslots":0,
			"openAppointmentSlots":0,
			"name":"Conroe Market H-E-B",
			"longitude":-95.49817,
			"latitude":30.32647,
			"city":"CONROE"
		},
		{
			"zip":"77590-6548",
			"url":null,
			"type":"store",
			"street":"3502 PALMER HIGHWAY",
			"storeNumber":662,
			"state":"TX",
			"openTimeslots":0,
			"openAppointmentSlots":0,
			"name":"Texas City H-E-B",
			"longitude":-94.94893,
			"latitude":29.39535,
			"city":"TEXAS CITY"
		},
		{
			"zip":"76522-2515",
			"url":null,
			"type":"store",
			"street":"2990 EAST HWY 190",
			"storeNumber":668,
			"state":"TX",
			"openTimeslots":0,
			"openAppointmentSlots":0,
			"name":"Copperas Cove H-E-B plus!",
			"longitude":-97.86448,
			"latitude":31.11872,
			"city":"COPPERAS COVE"
		},
		{
			"zip":"78834-2028",
			"url":null,
			"type":"store",
			"street":"2030 N. 1ST STREET",
			"storeNumber":671,
			"state":"TX",
			"openTimeslots":0,
			"openAppointmentSlots":0,
			"name":"Carrizo Springs H-E-B",
			"longitude":-99.85102,
			"latitude":28.53642,
			"city":"CARRIZO SPRINGS"
		},
		{
			"zip":"76711-2119",
			"url":null,
			"type":"store",
			"street":"1821 SOUTH VALLEY MILLS DR.",
			"storeNumber":672,
			"state":"TX",
			"openTimeslots":0,
			"openAppointmentSlots":0,
			"name":"Valley Mills H-E-B plus!",
			"longitude":-97.13916,
			"latitude":31.52508,
			"city":"WACO"
		},
		{
			"zip":"78665-1044",
			"url":null,
			"type":"store",
			"street":"250 UNIVERSITY BLVD.",
			"storeNumber":673,
			"state":"TX",
			"openTimeslots":0,
			"openAppointmentSlots":0,
			"name":"University Blvd H-E-B",
			"longitude":-97.68859,
			"latitude":30.56107,
			"city":"ROUND ROCK"
		},
		{
			"zip":"78573-5070",
			"url":null,
			"type":"store",
			"street":"120 E. MILE 3 RD",
			"storeNumber":674,
			"state":"TX",
			"openTimeslots":0,
			"openAppointmentSlots":0,
			"name":"Palmhurst H-E-B",
			"longitude":-98.31816,
			"latitude":26.25684,
			"city":"PALMHURST"
		},
		{
			"zip":"77581-5346",
			"url":null,
			"type":"store",
			"street":"2710 PEARLAND PARKWAY",
			"storeNumber":675,
			"state":"TX",
			"openTimeslots":0,
			"openAppointmentSlots":0,
			"name":"Pearland Market",
			"longitude":-95.26499,
			"latitude":29.55812,
			"city":"PEARLAND"
		},
		{
			"zip":"78543-9800",
			"url":null,
			"type":"store",
			"street":"512 E. EDINBURG AVE.",
			"storeNumber":677,
			"state":"TX",
			"openTimeslots":0,
			"openAppointmentSlots":0,
			"name":"Elsa H-E-B",
			"longitude":-97.99272,
			"latitude":26.29384,
			"city":"ELSA"
		},
		{
			"zip":"78227-4602",
			"url":null,
			"type":"store",
			"street":"368 VALLEY HI DRIVE",
			"storeNumber":678,
			"state":"TX",
			"openTimeslots":0,
			"openAppointmentSlots":0,
			"name":"Valley Hi H-E-B",
			"longitude":-98.64021,
			"latitude":29.38099,
			"city":"SAN ANTONIO"
		},
		{
			"zip":"76033-4830",
			"url":null,
			"type":"store",
			"street":"600 W HENDERSON",
			"storeNumber":679,
			"state":"TX",
			"openTimeslots":0,
			"openAppointmentSlots":0,
			"name":"Cleburne H-E-B",
			"longitude":-97.39485,
			"latitude":32.3478,
			"city":"CLEBURNE"
		},
		{
			"zip":"77375-1478",
			"url":null,
			"type":"store",
			"street":"26500 KUYKENDAHL RD",
			"storeNumber":686,
			"state":"TX",
			"openTimeslots":0,
			"openAppointmentSlots":0,
			"name":"Creekside Park H-E-B",
			"longitude":-95.55072,
			"latitude":30.14362,
			"city":"TOMBALL"
		},
		{
			"zip":"78227",
			"url":null,
			"type":"offsite",
			"street":"Meet at 5757 US-90 W, San Antonio, TX 78227",
			"storeNumber":null,
			"state":"TX",
			"openTimeslots":0,
			"openAppointmentSlots":0,
			"name":"Meet at Nelson Wolff Stadium",
			"longitude":null,
			"latitude":null,
			"city":"San Antonio"
		},
		{
			"zip":"76028",
			"url":null,
			"type":"offsite",
			"street":"550 NW Summercrest BLVD",
			"storeNumber":null,
			"state":"TX",
			"openTimeslots":0,
			"openAppointmentSlots":0,
			"name":"COVID Vaccination Clinic at Brick Burleson Recreation Center",
			"longitude":null,
			"latitude":null,
			"city":"Burleson"
		},
		{
			"zip":"78249",
			"url":null,
			"type":"offsite",
			"street":"4334 N Loop 1604 West",
			"storeNumber":null,
			"state":"TX",
			"openTimeslots":0,
			"openAppointmentSlots":0,
			"name":"COVID Vaccination Clinic at Bexar County Medical Society Office",
			"longitude":null,
			"latitude":null,
			"city":"Shavano Park"
		},
		{
			"zip":"78745-0",
			"url":null,
			"type":"store",
			"street":"8801 SOUTH CONGRESS AVENUE",
			"storeNumber":710,
			"state":"TX",
			"openTimeslots":0,
			"openAppointmentSlots":0,
			"name":"The Oaks At Slaughter H-E-B",
			"longitude":-97.78723,
			"latitude":30.16862,
			"city":"AUSTIN"
		},
		{
			"zip":"78374",
			"url":null,
			"type":"offsite",
			"street":"2000 Billy G Webb Dr",
			"storeNumber":null,
			"state":"TX",
			"openTimeslots":0,
			"openAppointmentSlots":0,
			"name":"COVID Vaccination Clinic at Portland Community Civic Center",
			"longitude":null,
			"latitude":null,
			"city":"Portland"
		},
		{
			"zip":"77488",
			"url":null,
			"type":"offsite",
			"street":"1924 N. Fulton St.",
			"storeNumber":null,
			"state":"TX",
			"openTimeslots":0,
			"openAppointmentSlots":0,
			"name":"COVID Vaccination Clinic at Wharton Civic Center",
			"longitude":null,
			"latitude":null,
			"city":"Wharton"
		},
		{
			"zip":"78336",
			"url":null,
			"type":"offsite",
			"street":"700 W Wheeler Ave",
			"storeNumber":null,
			"state":"TX",
			"openTimeslots":0,
			"openAppointmentSlots":0,
			"name":"COVID Vaccination Clinic at Aransas Pass Civic Center",
			"longitude":null,
			"latitude":null,
			"city":"Aransas Pass"
		},
		{
			"zip":"77957",
			"url":null,
			"type":"offsite",
			"street":"317 W Main St.",
			"storeNumber":null,
			"state":"TX",
			"openTimeslots":0,
			"openAppointmentSlots":0,
			"name":"COVID Vaccination Clinic at Edna Chamber of Commerce Annex",
			"longitude":null,
			"latitude":null,
			"city":"Edna"
		}
	]
}